OpenTime,Open,High,Low,Close,Volume
2025-10-03 01:10:00,120221.9,120293.68,120166.95,120208.74,0.83013
2025-10-03 01:15:00,120208.74,120283.91,120063.24,120140.44,0.4032
2025-10-03 01:20:00,120140.43,120175.62,120005.55,120058.48,0.85654
2025-10-03 01:25:00,120022.86,120150.05,120022.86,120150.05,0.44074
2025-10-03 01:30:00,120129.51,120163.5,120071.01,120159.77,1.4668
2025-10-03 01:35:00,120159.78,120159.78,120030.95,120083.56,0.27182
2025-10-03 01:40:00,120083.55,120124.05,120080.25,120100.1,0.3717
2025-10-03 01:45:00,120100.09,120100.1,120021.49,120021.5,0.24862
2025-10-03 01:50:00,120021.49,120040.01,119840.03,119895.99,0.82138
2025-10-03 01:55:00,119896.0,119952.28,119839.41,119890.0,0.2254
2025-10-03 02:00:00,119890.0,119980.78,119866.18,119980.78,1.81888
2025-10-03 02:05:00,119987.99,120012.22,119958.3,119993.03,0.87168
2025-10-03 02:10:00,119993.04,120120.0,119993.03,120092.0,1.25689
2025-10-03 02:15:00,120091.99,120170.0,120091.99,120121.28,1.82735
2025-10-03 02:20:00,120121.28,120121.29,119988.62,120040.18,1.2988
2025-10-03 02:25:00,120040.17,120040.18,119974.89,119985.8,0.86626
2025-10-03 02:30:00,119985.79,120000.0,119966.08,119986.45,0.92478
2025-10-03 02:35:00,119986.45,120083.71,119934.34,120083.71,0.48798
2025-10-03 02:40:00,120057.88,120100.0,120036.54,120076.5,0.33963
2025-10-03 02:45:00,120076.49,120105.05,120038.07,120081.0,1.32548
2025-10-03 02:50:00,120081.0,120117.8,120053.71,120095.29,0.91854
2025-10-03 02:55:00,120095.29,120269.11,120095.29,120157.82,1.07721
2025-10-03 03:00:00,120157.82,120374.72,120157.82,120374.71,0.5292
2025-10-03 03:05:00,120374.71,120472.12,120363.2,120374.71,1.23825
2025-10-03 03:10:00,120374.72,120374.72,120289.45,120289.45,1.94528
2025-10-03 03:15:00,120289.45,120346.18,120266.78,120300.58,0.53419
2025-10-03 03:20:00,120300.58,120407.3,120300.57,120324.42,0.62128
2025-10-03 03:25:00,120324.42,120324.43,120184.53,120184.53,0.34568
2025-10-03 03:30:00,120184.54,120236.87,120173.77,120236.87,0.63483
2025-10-03 03:35:00,120236.87,120407.54,120236.87,120385.34,1.49554
2025-10-03 03:40:00,120385.34,120385.34,120328.18,120343.41,0.5907
2025-10-03 03:45:00,120343.41,120343.42,120319.55,120319.56,0.104
2025-10-03 03:50:00,120319.55,120319.56,120261.17,120305.39,0.60546
2025-10-03 03:55:00,120312.58,120312.58,120206.95,120225.88,0.78768
2025-10-03 04:00:00,120225.88,120248.99,120182.95,120226.94,0.75868
2025-10-03 04:05:00,120226.94,120306.5,120202.28,120228.28,0.41035
2025-10-03 04:10:00,120228.28,120262.78,120222.65,120259.99,0.26968
2025-10-03 04:15:00,120260.0,120300.0,120241.39,120241.39,0.68971
2025-10-03 04:20:00,120241.4,120286.23,120212.01,120240.0,0.31143
2025-10-03 04:25:00,120239.99,120246.36,120174.29,120200.0,0.68624
2025-10-03 04:30:00,120200.0,120200.01,120099.13,120121.12,0.50315
2025-10-03 04:35:00,120121.12,120121.12,120020.0,120020.0,0.30938
2025-10-03 04:40:00,120017.99,120039.82,120000.4,120027.23,0.25749
2025-10-03 04:45:00,120027.24,120165.0,120027.24,120163.5,1.44953
2025-10-03 04:50:00,120155.63,120155.63,120079.61,120079.61,0.20711
2025-10-03 04:55:00,120079.62,120079.62,120038.14,120039.98,0.85315
2025-10-03 05:00:00,120039.97,120065.41,119950.0,119950.0,0.96351
2025-10-03 05:05:00,119946.65,120007.0,119946.64,119957.0,0.48351
2025-10-03 05:10:00,119957.01,120022.0,119950.87,120022.0,0.16048
2025-10-03 05:15:00,120021.99,120049.63,119972.67,120024.23,0.28713
2025-10-03 05:20:00,120024.23,120033.0,120000.9,120022.3,0.24775
2025-10-03 05:25:00,120022.3,120034.84,119991.37,120019.24,0.61985
2025-10-03 05:30:00,120007.55,120019.2,119968.5,119987.53,0.32119
2025-10-03 05:35:00,119987.54,119987.54,119900.0,119909.17,1.23048
2025-10-03 05:40:00,119907.78,119907.78,119839.94,119849.71,0.53423
2025-10-03 05:45:00,119849.72,119849.72,119818.64,119828.85,0.49426
2025-10-03 05:50:00,119823.73,119894.0,119760.39,119894.0,10.51011
2025-10-03 05:55:00,119893.99,119935.1,119893.99,119920.4,2.11121
2025-10-03 06:00:00,119920.41,119920.41,119786.62,119909.23,0.83753
2025-10-03 06:05:00,119909.22,119951.54,119908.98,119920.41,0.51309
2025-10-03 06:10:00,119920.42,120075.62,119920.41,120045.13,0.26244
2025-10-03 06:15:00,120045.13,120055.91,120000.62,120011.47,0.20943
2025-10-03 06:20:00,120011.48,120035.32,119970.81,119970.81,0.26894
2025-10-03 06:25:00,119970.81,119992.46,119970.81,119979.8,0.12737
2025-10-03 06:30:00,119979.8,120020.95,119968.07,119968.07,0.97446
2025-10-03 06:35:00,119968.08,119997.0,119968.05,119986.93,0.34444
2025-10-03 06:40:00,119986.92,119986.93,119915.77,119927.34,0.09279
2025-10-03 06:45:00,119927.34,119927.35,119741.48,119902.99,0.61058
2025-10-03 06:50:00,119902.98,119902.99,119765.99,119847.09,1.48494
2025-10-03 06:55:00,119846.68,119916.94,119832.85,119916.94,0.22795
2025-10-03 07:00:00,119916.93,120011.05,119914.06,119914.07,0.67941
2025-10-03 07:05:00,119917.77,119917.77,119800.0,119800.01,1.29968
2025-10-03 07:10:00,119819.99,119888.28,119819.98,119872.37,1.13158
2025-10-03 07:15:00,119872.36,119891.65,119855.01,119855.01,2.06447
2025-10-03 07:20:00,119855.0,119862.17,119804.7,119821.28,1.46527
2025-10-03 07:25:00,119821.28,119846.71,119794.75,119794.75,0.21869
2025-10-03 07:30:00,119794.75,119817.94,119766.65,119772.54,0.67644
2025-10-03 07:35:00,119774.41,119774.41,119655.22,119655.22,0.3107
2025-10-03 07:40:00,119658.85,119720.0,119628.48,119641.31,2.0911
2025-10-03 07:45:00,119641.3,119740.0,119641.3,119739.7,1.09476
2025-10-03 07:50:00,119739.69,119741.19,119643.94,119643.94,1.11002
2025-10-03 07:55:00,119635.71,119685.65,119630.41,119643.94,1.0218
2025-10-03 08:00:00,119641.01,119732.07,119641.0,119690.34,0.36608
2025-10-03 08:05:00,119707.84,119720.0,119599.99,119600.47,0.31318
2025-10-03 08:10:00,119600.46,119600.47,119498.74,119498.74,0.22085
2025-10-03 08:15:00,119498.75,119498.75,119249.99,119294.02,1.13489
2025-10-03 08:20:00,119329.4,119535.06,119329.39,119512.0,1.18745
2025-10-03 08:25:00,119512.0,119648.17,119512.0,119647.05,0.92953
2025-10-03 08:30:00,119647.06,120412.37,119647.06,119776.12,1.53711
2025-10-03 08:35:00,119776.12,119910.14,119776.12,119861.0,0.7112
2025-10-03 08:40:00,119847.42,119904.98,119811.76,119862.18,3.281
2025-10-03 08:45:00,119859.17,119900.0,119859.1,119862.37,0.53169
2025-10-03 08:50:00,119863.27,119941.4,119843.55,119932.85,0.90057
2025-10-03 08:55:00,119930.5,120040.67,119927.07,120040.66,0.31451
2025-10-03 09:00:00,120038.61,120138.5,120038.6,120078.49,0.58994
2025-10-03 09:05:00,120078.48,120199.9,120054.48,120142.87,1.77835
2025-10-03 09:10:00,120131.43,120131.43,120051.0,120069.43,1.37259
2025-10-03 09:15:00,120069.43,120069.43,120008.6,120011.76,0.13565
2025-10-03 09:20:00,120010.97,120310.96,120010.96,120287.95,0.78895
2025-10-03 09:25:00,120287.95,120356.13,120271.54,120291.27,0.43388
2025-10-03 09:30:00,120291.26,120325.64,120183.75,120195.77,1.20435
2025-10-03 09:35:00,120200.0,120200.0,120163.47,120180.68,0.0464
2025-10-03 09:40:00,120180.69,120226.33,120173.0,120192.87,0.20648
2025-10-03 09:45:00,120192.88,120284.68,119967.87,120284.68,0.70336
2025-10-03 09:50:00,120287.68,120313.88,120270.0,120313.87,0.5372
2025-10-03 09:55:00,120313.88,120331.72,120300.0,120300.01,0.27088
2025-10-03 10:00:00,120300.01,120317.19,120271.18,120293.25,0.52116
2025-10-03 10:05:00,120293.25,120361.65,120293.25,120326.99,0.61662
2025-10-03 10:10:00,120327.0,120338.44,120324.33,120338.44,0.21046
2025-10-03 10:15:00,120338.44,120473.12,120338.43,120473.12,0.50373
2025-10-03 10:20:00,120478.01,120478.01,120341.1,120397.01,0.29736
2025-10-03 10:25:00,120389.52,120515.89,120379.41,120468.26,2.59183
2025-10-03 10:30:00,120468.27,120468.27,120375.73,120375.73,1.96426
2025-10-03 10:35:00,120375.73,120393.85,120350.84,120393.84,0.69666
2025-10-03 10:40:00,120393.84,120588.57,120393.84,120505.15,0.56927
2025-10-03 10:45:00,120505.14,120505.15,120412.68,120412.68,0.50164
2025-10-03 10:50:00,120412.69,120476.55,120412.68,120476.54,0.28843
2025-10-03 10:55:00,120476.55,120497.62,120425.95,120425.95,0.05116
2025-10-03 11:00:00,120425.96,120463.76,120420.0,120443.56,0.29414
2025-10-03 11:05:00,120443.57,120443.57,120343.81,120374.55,0.68415
2025-10-03 11:10:00,120374.56,120374.56,120282.65,120289.01,0.30921
2025-10-03 11:15:00,120289.0,120289.01,120130.76,120130.77,0.79776
2025-10-03 11:20:00,120165.83,120336.94,120165.82,120336.93,1.50896
2025-10-03 11:25:00,120328.99,120362.57,120270.0,120270.0,1.38942
2025-10-03 11:30:00,120270.01,120298.88,120204.0,120216.6,1.50294
2025-10-03 11:35:00,120217.66,120297.78,120190.42,120273.12,0.5318
2025-10-03 11:40:00,120273.12,120464.08,120273.11,120349.6,0.6602
2025-10-03 11:45:00,120349.61,120349.99,120327.77,120349.99,0.21896
2025-10-03 11:50:00,120349.99,120448.62,120349.99,120405.21,0.71114
2025-10-03 11:55:00,120405.22,120405.22,120334.5,120334.5,1.83338
2025-10-03 12:00:00,120334.5,120387.01,120334.5,120371.43,0.73607
2025-10-03 12:05:00,120369.92,120370.78,120269.1,120269.1,0.76403
2025-10-03 12:10:00,120292.03,120383.22,120292.03,120366.11,0.99697
2025-10-03 12:15:00,120366.12,120399.83,120293.49,120293.49,0.80688
2025-10-03 12:20:00,120293.49,120299.0,120246.98,120298.99,1.39838
2025-10-03 12:25:00,120298.98,120319.02,120219.67,120219.67,1.32497
2025-10-03 12:30:00,120219.68,120300.76,120120.01,120120.01,1.75068
2025-10-03 12:35:00,120120.01,120232.68,120114.2,120232.68,0.22402
2025-10-03 12:40:00,120239.0,120287.19,120224.51,120287.19,0.36109
2025-10-03 12:45:00,120259.06,120351.43,120250.5,120251.74,2.04994
2025-10-03 12:50:00,120261.01,120365.0,120253.27,120361.51,0.23729
2025-10-03 12:55:00,120361.51,120384.65,120340.98,120358.08,0.33203
2025-10-03 13:00:00,120358.08,120358.08,120201.64,120203.85,2.30935
2025-10-03 13:05:00,120203.84,120259.33,120053.17,120245.31,1.65715
2025-10-03 13:10:00,120245.31,120286.1,120242.57,120286.09,0.36226
2025-10-03 13:15:00,120286.09,120374.72,120225.2,120321.81,0.7804
2025-10-03 13:20:00,120321.82,120465.64,120321.81,120427.01,0.95775
2025-10-03 13:25:00,120427.0,120545.0,120427.0,120529.7,0.94027
2025-10-03 13:30:00,120529.69,120599.0,120315.05,120454.93,3.6653
2025-10-03 13:35:00,120454.93,120614.66,120247.99,120426.99,2.03874
2025-10-03 13:40:00,120437.18,120454.45,120112.81,120288.32,1.79005
2025-10-03 13:45:00,120289.78,120473.14,120289.78,120473.14,2.05678
2025-10-03 13:50:00,120473.14,120547.0,120374.71,120396.0,0.8887
2025-10-03 13:55:00,120403.55,120517.84,120374.71,120387.9,1.57956
2025-10-03 14:00:00,120374.73,120618.04,120149.09,120382.43,1.75924
2025-10-03 14:05:00,120393.99,120394.58,120195.41,120208.39,2.6562
2025-10-03 14:10:00,120228.83,120344.6,120138.58,120138.59,0.70715
2025-10-03 14:15:00,120146.55,120146.56,119924.0,119983.2,3.39903
2025-10-03 14:20:00,119983.21,120293.02,119919.0,120241.25,2.17833
2025-10-03 14:25:00,120270.17,120462.87,120270.17,120448.89,1.10771
2025-10-03 14:30:00,120448.88,120480.32,120343.67,120389.99,1.10385
2025-10-03 14:35:00,120390.0,120680.35,120390.0,120670.01,1.82
2025-10-03 14:40:00,120680.0,120707.0,120611.19,120642.99,0.41649
2025-10-03 14:45:00,120643.0,120924.0,120643.0,120835.67,1.45733
2025-10-03 14:50:00,120835.67,120967.98,120797.14,120947.69,0.69158
2025-10-03 14:55:00,120954.6,120954.61,120839.0,120876.92,0.20583
2025-10-03 15:00:00,120919.66,120919.67,120707.28,120707.28,1.83232
2025-10-03 15:05:00,120704.43,120850.0,120668.73,120736.68,0.95702
2025-10-03 15:10:00,120761.23,120823.95,120654.79,120823.94,0.40662
2025-10-03 15:15:00,120841.55,121346.7,120841.54,121260.84,2.11241
2025-10-03 15:20:00,121247.94,121456.26,121247.94,121377.73,0.7082
2025-10-03 15:25:00,121377.72,121377.72,121235.0,121312.32,0.44352
2025-10-03 15:30:00,121293.73,121752.62,121293.72,121752.62,3.3124
2025-10-03 15:35:00,121752.62,121780.0,121657.31,121742.93,1.60357
2025-10-03 15:40:00,121742.92,121755.43,121645.6,121691.69,0.40469
2025-10-03 15:45:00,121691.68,121922.87,121653.68,121799.98,0.59149
2025-10-03 15:50:00,121799.98,122064.81,121792.61,122042.18,0.99638
2025-10-03 15:55:00,122042.18,122340.08,121939.99,122258.05,4.95703
2025-10-03 16:00:00,122258.04,122861.54,122258.04,122760.0,3.41022
2025-10-03 16:05:00,122759.99,122938.16,122636.83,122858.61,0.81621
2025-10-03 16:10:00,122822.44,123288.04,122822.44,123094.75,1.20135
2025-10-03 16:15:00,123094.75,123300.0,123015.34,123085.89,2.0764
2025-10-03 16:20:00,123062.65,123442.44,122910.66,123434.51,3.01948
2025-10-03 16:25:00,123434.9,123801.5,123434.89,123680.73,3.72693
2025-10-03 16:30:00,123680.74,123847.53,123561.72,123758.02,1.24446
2025-10-03 16:35:00,123758.02,123869.85,123666.1,123750.12,1.34055
2025-10-03 16:40:00,123750.11,123797.0,123734.55,123761.63,0.51516
2025-10-03 16:45:00,123761.64,123769.08,123108.36,123108.37,1.3703
2025-10-03 16:50:00,123108.36,123235.95,122856.57,122856.57,1.01779
2025-10-03 16:55:00,122856.58,122993.01,122531.34,122537.7,0.83987
2025-10-03 17:00:00,122537.71,123211.44,121740.07,122003.18,2.19224
2025-10-03 17:05:00,122003.19,122733.0,121855.37,122733.0,1.65209
2025-10-03 17:10:00,122732.99,123047.01,122504.85,123019.17,2.32083
2025-10-03 17:15:00,123019.16,123019.17,122336.62,122406.65,2.72505
2025-10-03 17:20:00,122406.66,123769.07,122293.62,122475.99,1.22114
2025-10-03 17:25:00,122935.87,122935.87,122445.87,122535.48,1.0714
2025-10-03 17:30:00,122509.0,200000.0,120137.63,122684.4,5.17647
2025-10-03 17:35:00,122684.39,122939.0,122664.23,122933.72,2.27558
2025-10-03 17:40:00,122933.72,122961.9,122579.78,122579.78,0.91792
2025-10-03 17:45:00,122579.79,122601.0,122150.64,122150.65,2.25353
2025-10-03 17:50:00,122150.64,122254.86,121693.75,121693.76,1.4077
2025-10-03 17:55:00,121693.75,122207.65,121693.75,122072.31,0.84132
2025-10-03 18:00:00,122072.3,122106.93,121697.09,121796.1,2.50261
2025-10-03 18:05:00,121796.11,121850.59,121486.93,121821.49,2.35792
2025-10-03 18:10:00,121821.5,122425.44,121821.49,122020.55,2.51129
2025-10-03 18:15:00,122020.56,122287.95,122020.55,122287.95,0.52182
2025-10-03 18:20:00,122287.94,122481.33,122223.39,122479.0,0.65882
2025-10-03 18:25:00,122479.0,122580.0,122453.65,122483.75,0.54143
2025-10-03 18:30:00,122483.74,122585.22,122225.91,122492.14,0.76786
2025-10-03 18:35:00,122492.15,122701.76,122492.14,122659.15,3.06643
2025-10-03 18:40:00,122659.15,122692.99,122580.85,122649.3,1.61597
2025-10-03 18:45:00,122649.31,122720.0,122431.25,122431.26,1.54125
2025-10-03 18:50:00,122431.25,122483.31,122357.8,122445.48,1.75006
2025-10-03 18:55:00,122441.16,122536.92,122403.63,122536.91,0.42917
2025-10-03 19:00:00,122538.46,122592.43,122362.8,122374.71,1.58554
2025-10-03 19:05:00,122374.72,122469.6,122356.6,122458.59,1.50815
2025-10-03 19:10:00,122514.26,122580.86,122428.23,122447.12,1.92615
2025-10-03 19:15:00,122447.11,122717.0,122447.11,122665.27,1.55562
2025-10-03 19:20:00,122665.26,122687.31,122543.78,122581.0,0.48888
2025-10-03 19:25:00,122581.01,122819.12,122581.0,122819.11,0.63423
2025-10-03 19:30:00,122787.67,122951.48,122787.66,122876.06,0.70806
2025-10-03 19:35:00,122876.05,151011.77,122671.2,122671.2,3.9144
2025-10-03 19:40:00,122671.2,122831.0,122671.19,122763.0,2.19658
2025-10-03 19:45:00,122762.99,122777.64,122572.78,122665.8,2.0156
2025-10-03 19:50:00,122665.8,122741.51,122611.21,122716.99,0.53389
2025-10-03 19:55:00,122700.0,122700.0,122595.85,122660.99,0.53106
2025-10-03 20:00:00,122661.0,122661.0,122292.18,122348.63,1.18222
2025-10-03 20:05:00,122348.62,122465.0,122159.68,122165.12,0.72056
2025-10-03 20:10:00,122165.11,122168.0,122037.43,122097.21,1.54893
2025-10-03 20:15:00,122097.22,122496.3,122097.21,122190.52,1.16962
2025-10-03 20:20:00,122190.53,122266.0,122170.26,122185.18,7.47806
2025-10-03 20:25:00,122195.85,122227.97,122099.51,122149.99,1.00703
2025-10-03 20:30:00,122150.0,122418.01,122149.99,122279.09,0.70934
2025-10-03 20:35:00,122279.1,122429.0,122276.21,122428.99,0.34565
2025-10-03 20:40:00,122429.0,122673.4,122371.94,122673.4,1.90699
2025-10-03 20:45:00,122673.4,122707.95,122510.73,122607.9,0.40341
2025-10-03 20:50:00,122607.91,122607.91,122513.71,122549.14,0.46907
2025-10-03 20:55:00,122549.13,122552.03,122415.77,122439.85,0.34697
2025-10-03 21:00:00,122439.86,122443.98,122373.84,122431.25,0.311
2025-10-03 21:05:00,122431.26,122431.26,122336.53,122367.98,0.53914
2025-10-03 21:10:00,122367.97,122438.84,122367.97,122438.84,1.23936
2025-10-03 21:15:00,122438.84,122451.82,122276.5,122276.5,0.43405
2025-10-03 21:20:00,122288.44,122336.55,122288.43,122316.38,1.21901
2025-10-03 21:25:00,122316.39,122337.2,122291.65,122291.65,0.30989
2025-10-03 21:30:00,122291.66,122357.02,122218.43,122222.95,0.60734
2025-10-03 21:35:00,122222.94,122222.95,122112.92,122179.9,0.32343
2025-10-03 21:40:00,122179.89,122179.9,122063.68,122135.07,0.40678
2025-10-03 21:45:00,122135.08,122181.67,122114.27,122114.27,0.32948
2025-10-03 21:50:00,122114.28,122316.49,122014.67,122316.48,2.56098
2025-10-03 21:55:00,122316.49,122380.46,122288.21,122306.57,1.0813
2025-10-03 22:00:00,122306.56,122403.45,122306.56,122403.45,0.31915
2025-10-03 22:05:00,122403.44,122449.37,122356.78,122449.36,0.18172
2025-10-03 22:10:00,122449.37,122454.69,122391.31,122454.68,1.55596
2025-10-03 22:15:00,122454.69,122534.23,122431.25,122500.23,0.51328
2025-10-03 22:20:00,122500.24,122500.24,122462.66,122481.12,0.30542
2025-10-03 22:25:00,122481.12,122481.14,122480.06,122481.14,0.13724
2025-10-03 22:30:00,122481.14,122508.84,122481.13,122505.46,1.14047
2025-10-03 22:35:00,122505.46,122621.43,122505.45,122621.43,0.45641
2025-10-03 22:40:00,122621.42,122665.0,122585.06,122592.02,0.88243
2025-10-03 22:45:00,122584.0,122599.0,122567.0,122597.99,1.45204
2025-10-03 22:50:00,122598.0,122598.0,122465.45,122465.45,1.12524
2025-10-03 22:55:00,122465.45,122477.0,122447.83,122476.99,0.22376
2025-10-03 23:00:00,122477.0,122477.0,122408.1,122408.1,0.1685
2025-10-03 23:05:00,122408.1,122408.11,122372.47,122372.47,0.27701
2025-10-03 23:10:00,122372.47,122372.47,122283.01,122325.6,0.46726
2025-10-03 23:15:00,122325.6,122338.78,122283.0,122336.94,0.35053
2025-10-03 23:20:00,122336.94,122358.43,122072.16,122338.81,1.28975
2025-10-03 23:25:00,122338.81,122338.81,122285.37,122285.37,0.43736
2025-10-03 23:30:00,122277.06,122277.06,122196.69,122275.56,2.17847
2025-10-03 23:35:00,122275.56,122324.02,122257.46,122324.01,1.32618
2025-10-03 23:40:00,122324.02,122332.68,122300.98,122300.98,0.69357
2025-10-03 23:45:00,122300.99,122315.37,122083.04,122241.12,0.34103
2025-10-03 23:50:00,122241.12,122258.69,122182.66,122182.67,0.2785
2025-10-03 23:55:00,122182.66,122225.44,122180.79,122225.43,0.47838
2025-10-04 00:00:00,122225.44,122260.0,122074.06,122110.69,1.40074
2025-10-04 00:05:00,122110.7,122246.97,122110.69,122231.61,4.38857
2025-10-04 00:10:00,122231.61,122241.0,122180.22,122180.22,5.42384
2025-10-04 00:15:00,122180.21,122235.48,122179.2,122218.99,0.25446
2025-10-04 00:20:00,122219.0,122295.55,122218.99,122295.55,0.57409
2025-10-04 00:25:00,122295.56,122295.56,122177.2,122185.32,0.29316
2025-10-04 00:30:00,122168.46,122181.74,122019.52,122061.27,0.71869
2025-10-04 00:35:00,122060.01,122099.04,121999.08,122021.73,0.60614
2025-10-04 00:40:00,122021.74,122093.02,122008.6,122055.16,0.28398
2025-10-04 00:45:00,122055.15,122088.33,121993.26,121993.26,0.46266
2025-10-04 00:50:00,121993.26,122075.5,121993.25,122054.09,0.27839
2025-10-04 00:55:00,122054.1,122099.0,122028.0,122099.0,0.28751
2025-10-04 01:00:00,122098.99,122103.24,122035.0,122064.13,0.68472
2025-10-04 01:05:00,122064.13,122100.0,122020.0,122100.0,0.25876
2025-10-04 01:10:00,122099.99,122100.0,122020.87,122089.99,0.45492
2025-10-04 01:15:00,122090.0,122091.83,122020.0,122082.99,0.34529
2025-10-04 01:20:00,122082.99,122336.38,121995.24,121995.26,0.56438
2025-10-04 01:25:00,121995.25,122005.51,121960.0,121960.0,0.20519
2025-10-04 01:30:00,121960.01,122029.16,121884.44,122029.16,0.86702
2025-10-04 01:35:00,122029.15,122029.16,121890.77,121941.78,0.44848
2025-10-04 01:40:00,121952.63,121952.63,121859.89,121866.62,0.26599
2025-10-04 01:45:00,121883.96,121901.67,121787.14,121787.14,1.03637
2025-10-04 01:50:00,121767.71,121793.97,121706.65,121706.65,0.28627
2025-10-04 01:55:00,121700.01,121854.48,121700.0,121854.47,0.29011
2025-10-04 02:00:00,121854.48,122019.99,121854.47,121960.01,0.29344
2025-10-04 02:05:00,121960.02,122227.97,121960.01,121966.81,2.00201
2025-10-04 02:10:00,121966.81,121999.0,121807.92,121865.82,1.34738
2025-10-04 02:15:00,121865.83,121886.0,121686.66,121762.45,0.63146
2025-10-04 02:20:00,121740.55,121858.94,120365.17,121770.2,2.85861
2025-10-04 02:25:00,121737.2,121800.0,121737.19,121800.0,0.3944
2025-10-04 02:30:00,121805.06,121841.1,121699.99,121740.76,0.38881
2025-10-04 02:35:00,121740.75,121748.35,121684.97,121734.79,0.46807
2025-10-04 02:40:00,121732.47,121782.54,121708.78,121752.63,0.46318
2025-10-04 02:45:00,121752.62,121818.6,121724.0,121775.86,0.27492
2025-10-04 02:50:00,121789.54,121950.09,121789.54,121950.09,0.91528
2025-10-04 02:55:00,121950.08,121950.09,121825.5,121840.0,0.25341
2025-10-04 03:00:00,121839.99,121873.13,121839.99,121844.01,0.39126
2025-10-04 03:05:00,121844.0,121880.04,121844.0,121871.99,0.08976
2025-10-04 03:10:00,121871.98,121887.0,121846.02,121886.99,0.26086
2025-10-04 03:15:00,121887.0,121969.09,121886.99,121943.09,1.0984
2025-10-04 03:20:00,121943.1,122000.0,121943.09,121999.99,0.07799
2025-10-04 03:25:00,122000.0,122062.53,121999.99,122051.16,1.59461
2025-10-04 03:30:00,122051.15,122089.94,122051.15,122073.63,0.73048
2025-10-04 03:35:00,122073.64,122088.32,122038.26,122048.0,0.22603
2025-10-04 03:40:00,122048.01,122093.77,122048.0,122093.76,0.3456
2025-10-04 03:45:00,122093.77,122100.0,122038.28,122100.0,0.14353
2025-10-04 03:50:00,122099.99,122246.79,122099.99,122246.78,0.55139
2025-10-04 03:55:00,122246.79,122292.44,122200.0,122243.99,0.39949
2025-10-04 04:00:00,122243.98,122313.13,122240.5,122296.83,0.31859
2025-10-04 04:05:00,122296.84,122297.78,122261.0,122295.97,1.28703
2025-10-04 04:10:00,122289.18,122295.96,122271.44,122276.76,0.26569
2025-10-04 04:15:00,122276.75,122300.0,122219.3,122292.24,0.27362
2025-10-04 04:20:00,122292.23,122377.75,122265.13,122377.11,0.83082
2025-10-04 04:25:00,122377.1,122377.11,122336.5,122342.56,1.85272
2025-10-04 04:30:00,122342.55,122386.0,122296.0,122359.5,0.56064
2025-10-04 04:35:00,122359.51,122418.0,122359.5,122417.99,0.16891
2025-10-04 04:40:00,122418.0,122500.0,122417.99,122481.76,0.70612
2025-10-04 04:45:00,122481.77,122505.22,122346.87,122484.25,0.34599
2025-10-04 04:50:00,122484.24,122522.0,122484.24,122514.62,0.34665
2025-10-04 04:55:00,122514.63,122514.63,122495.0,122495.01,0.36562
2025-10-04 05:00:00,122495.0,122495.01,122442.72,122442.73,0.44417
2025-10-04 05:05:00,122442.72,122536.92,122442.72,122536.92,0.08909
2025-10-04 05:10:00,122536.91,122671.0,122536.91,122657.04,0.65481
2025-10-04 05:15:00,122657.04,122678.45,122339.12,122678.44,1.49333
2025-10-04 05:20:00,122678.45,122740.97,122678.44,122733.1,0.32319
2025-10-04 05:25:00,122733.09,122800.0,122687.12,122687.12,0.37335
2025-10-04 05:30:00,122687.12,122718.08,122644.0,122717.01,0.61712
2025-10-04 05:35:00,122698.8,122717.0,122643.98,122643.98,0.53699
2025-10-04 05:40:00,122643.98,122643.99,122461.0,122472.63,0.35436
2025-10-04 05:45:00,122472.64,122505.22,122405.64,122416.4,0.42586
2025-10-04 05:50:00,122423.52,122770.54,122423.52,122565.72,1.51298
2025-10-04 05:55:00,122565.71,122582.41,122474.97,122522.7,1.45843
2025-10-04 06:00:00,122522.69,122560.34,122488.55,122502.32,0.26346
2025-10-04 06:05:00,122502.31,122502.32,122389.61,122418.5,0.32074
2025-10-04 06:10:00,122418.51,122431.69,122373.9,122407.0,1.29574
2025-10-04 06:15:00,122407.01,122550.96,122407.0,122548.6,0.74412
2025-10-04 06:20:00,122548.59,122606.86,122339.12,122568.01,0.39698
2025-10-04 06:25:00,122568.0,122569.15,122295.52,122507.46,0.39
2025-10-04 06:30:00,122507.45,122536.6,122507.45,122536.6,0.32998
2025-10-04 06:35:00,122536.59,122544.08,122500.02,122526.87,0.09882
2025-10-04 06:40:00,122526.88,122561.89,122488.5,122505.21,0.36351
2025-10-04 06:45:00,122505.22,122519.5,122491.15,122491.16,0.29126
2025-10-04 06:50:00,122491.15,122491.16,122442.49,122442.49,0.06007
2025-10-04 06:55:00,122442.5,122457.37,122430.26,122430.26,0.86486
2025-10-04 07:00:00,122430.27,122430.27,122405.21,122421.1,0.30515
2025-10-04 07:05:00,122421.09,122421.1,122386.05,122386.05,0.10704
2025-10-04 07:10:00,122386.05,122455.0,122348.6,122430.0,1.8001
2025-10-04 07:15:00,122430.0,122430.0,122337.8,122337.8,1.25347
2025-10-04 07:20:00,122376.28,122376.28,122317.0,122326.97,0.21583
2025-10-04 07:25:00,122326.97,122376.21,122321.36,122376.21,0.33696
2025-10-04 07:30:00,122376.21,122393.02,122349.98,122393.02,0.49844
2025-10-04 07:35:00,122393.02,122393.02,122316.0,122316.0,0.29872
2025-10-04 07:40:00,122315.99,122316.0,122280.11,122312.0,0.88852
2025-10-04 07:45:00,122311.99,122312.0,122267.77,122267.77,0.03626
2025-10-04 07:50:00,122267.76,122274.75,122259.98,122269.97,0.26911
2025-10-04 07:55:00,122269.98,122406.1,122262.04,122324.07,0.3343
2025-10-04 08:00:00,122324.07,122441.65,122296.75,122441.65,0.46041
2025-10-04 08:05:00,122441.64,122474.86,122425.3,122474.86,0.24254
2025-10-04 08:10:00,122474.87,122539.83,122465.4,122465.4,0.29479
2025-10-04 08:15:00,122465.4,122465.4,122362.83,122460.2,0.44166
2025-10-04 08:20:00,122442.4,122484.05,122397.1,122398.82,1.27435
2025-10-04 08:25:00,122398.85,122485.92,122398.84,122424.0,0.22604
2025-10-04 08:30:00,122432.82,122432.82,122195.63,122338.73,0.72972
2025-10-04 08:35:00,122338.72,122338.73,122273.55,122273.55,0.36672
2025-10-04 08:40:00,122273.56,122292.43,122218.92,122234.48,0.22331
2025-10-04 08:45:00,122234.48,122321.82,122197.63,122309.58,0.24435
2025-10-04 08:50:00,122303.47,122303.48,122303.47,122303.48,0.16306
2025-10-04 08:55:00,122303.47,122408.64,122195.63,122267.57,0.20392
2025-10-04 09:00:00,122267.58,122341.56,122267.57,122341.56,2.18433
2025-10-04 09:05:00,122341.55,122414.16,122341.55,122395.67,0.48757
2025-10-04 09:10:00,122395.66,122414.16,122376.65,122414.15,1.02384
2025-10-04 09:15:00,122414.14,122457.17,122397.35,122397.35,0.25219
2025-10-04 09:20:00,122377.42,122393.52,122360.89,122393.52,0.81097
2025-10-04 09:25:00,122393.51,122393.53,122370.66,122370.67,0.26963
2025-10-04 09:30:00,122368.7,122368.7,122339.85,122339.85,0.4249
2025-10-04 09:35:00,122339.85,122339.86,122308.54,122335.56,0.26963
2025-10-04 09:40:00,122327.81,122327.82,122327.81,122327.81,1.11435
2025-10-04 09:45:00,122327.82,122327.82,122139.56,122242.65,2.17876
2025-10-04 09:50:00,122242.66,122242.66,122203.1,122203.1,0.26572
2025-10-04 09:55:00,122203.11,122208.79,122186.03,122208.78,0.44256
2025-10-04 10:00:00,122208.79,122263.02,122196.94,122263.01,1.65168
2025-10-04 10:05:00,122263.02,122273.32,122263.01,122273.32,0.84018
2025-10-04 10:10:00,122273.32,122273.32,122228.99,122229.0,0.85105
2025-10-04 10:15:00,122228.99,122267.7,122216.77,122248.79,0.39318
2025-10-04 10:20:00,122248.79,122301.38,122248.79,122301.38,1.55684
2025-10-04 10:25:00,122301.37,122318.9,122292.4,122292.44,0.49821
2025-10-04 10:30:00,122292.43,122327.92,122292.43,122310.49,0.33197
2025-10-04 10:35:00,122304.53,122304.53,122200.0,122246.99,1.81938
2025-10-04 10:40:00,122246.99,122247.0,122218.0,122231.4,0.37293
2025-10-04 10:45:00,122231.4,122237.0,122186.03,122186.03,0.19874
2025-10-04 10:50:00,122186.04,122186.04,122117.0,122117.0,0.28536
2025-10-04 10:55:00,122117.01,122129.55,122099.99,122129.53,0.16275
2025-10-04 11:00:00,122129.54,122172.95,122103.35,122172.95,0.38339
2025-10-04 11:05:00,122172.94,122215.97,122160.0,122160.01,0.63464
2025-10-04 11:10:00,122144.41,122144.41,122000.0,122032.29,1.18385
2025-10-04 11:15:00,122032.28,122079.65,121963.2,121963.2,0.40762
2025-10-04 11:20:00,121963.2,122008.91,121963.2,121998.95,1.43626
2025-10-04 11:25:00,121998.95,122124.31,121998.95,122094.76,1.57939
2025-10-04 11:30:00,122094.76,122134.53,122094.75,122120.34,0.51836
2025-10-04 11:35:00,122120.35,122120.35,122070.03,122070.03,0.44123
2025-10-04 11:40:00,122043.02,122108.55,122028.39,122059.61,0.28776
2025-10-04 11:45:00,122059.62,122059.62,122035.07,122035.07,0.04061
2025-10-04 11:50:00,122035.08,122070.24,122035.07,122037.34,0.25735
2025-10-04 11:55:00,122037.34,122037.34,121973.25,121973.26,0.35757
2025-10-04 12:00:00,121973.26,122053.43,121973.25,122053.42,0.37189
2025-10-04 12:05:00,122025.07,122025.07,122004.98,122016.41,0.57768
2025-10-04 12:10:00,122016.4,122229.74,122016.4,122099.99,0.33618
2025-10-04 12:15:00,122100.0,122102.35,122079.19,122079.3,0.32367
2025-10-04 12:20:00,122079.3,122079.65,122067.18,122079.65,0.31349
2025-10-04 12:25:00,122079.64,122079.65,122030.26,122077.34,0.28985
2025-10-04 12:30:00,122077.33,122079.65,122006.68,122031.0,1.07343
2025-10-04 12:35:00,122030.99,122055.57,122016.01,122039.53,0.4426
2025-10-04 12:40:00,122039.52,122055.57,122039.52,122041.71,1.75887
2025-10-04 12:45:00,122041.71,122041.71,121964.73,121964.73,1.62214
2025-10-04 12:50:00,121964.74,121993.0,121960.24,121969.96,0.45393
2025-10-04 12:55:00,121969.95,122015.86,121969.95,122005.62,0.37157
2025-10-04 13:00:00,122005.63,122254.99,122005.62,122254.99,1.92113
2025-10-04 13:05:00,122255.0,122466.01,122254.99,122436.61,3.86215
2025-10-04 13:10:00,122436.6,122483.41,122382.91,122397.64,0.54418
2025-10-04 13:15:00,122397.63,122450.0,122388.0,122407.1,1.41278
2025-10-04 13:20:00,122407.09,122407.09,122292.43,122338.0,0.3213
2025-10-04 13:25:00,122337.38,122350.99,122314.5,122314.5,0.23272
2025-10-04 13:30:00,122314.51,122370.0,122314.5,122370.0,1.45343
2025-10-04 13:35:00,122369.99,122450.0,122369.99,122449.99,0.2905
2025-10-04 13:40:00,122450.0,122450.0,122413.15,122417.55,0.10832
2025-10-04 13:45:00,122417.54,122447.49,122405.18,122428.73,1.44886
2025-10-04 13:50:00,122428.74,122428.74,122379.4,122379.4,3.41924
2025-10-04 13:55:00,122379.41,122392.24,122365.76,122385.41,1.18394
2025-10-04 14:00:00,122385.42,122399.4,122332.84,122338.04,0.368
2025-10-04 14:05:00,122338.04,122348.18,122300.0,122341.96,0.36187
2025-10-04 14:10:00,122341.96,122566.93,122327.01,122425.18,0.38301
2025-10-04 14:15:00,122425.17,122459.98,122362.25,122381.63,0.36035
2025-10-04 14:20:00,122381.63,122381.64,122340.08,122340.08,0.27423
2025-10-04 14:25:00,122340.09,122340.09,122292.43,122313.56,0.37235
2025-10-04 14:30:00,122313.55,122313.56,122281.18,122292.43,0.3385
2025-10-04 14:35:00,122292.44,122292.44,122244.1,122260.0,0.28842
2025-10-04 14:40:00,122260.01,122292.22,122245.16,122245.16,1.7931
2025-10-04 14:45:00,122245.17,122245.17,122164.7,122180.81,0.33738
2025-10-04 14:50:00,122180.81,122180.81,122033.07,122033.07,1.76906
2025-10-04 14:55:00,122086.19,122086.19,122000.0,122000.0,1.17722
2025-10-04 15:00:00,122000.01,122109.26,121890.04,122039.97,3.53932
2025-10-04 15:05:00,122039.97,122114.29,122000.97,122057.0,3.90609
2025-10-04 15:10:00,122056.99,122056.99,121920.06,121920.06,4.42
2025-10-04 15:15:00,121902.71,121971.48,121850.0,121920.0,1.33121
2025-10-04 15:20:00,121920.0,121920.0,121764.26,121765.48,0.91069
2025-10-04 15:25:00,121765.48,122163.74,121699.98,121709.44,1.64177
2025-10-04 15:30:00,121709.43,121841.44,121709.43,121732.91,3.16029
2025-10-04 15:35:00,121732.92,121827.19,121722.28,121798.02,1.46439
2025-10-04 15:40:00,121798.03,121898.39,121798.02,121894.35,0.98633
2025-10-04 15:45:00,121894.36,121994.81,121894.35,121982.71,0.88839
2025-10-04 15:50:00,121982.7,122012.08,121910.52,121910.52,0.51725
2025-10-04 15:55:00,121885.65,121885.65,119572.08,121784.32,3.44056
2025-10-04 16:00:00,121784.31,121943.79,121784.31,121927.93,2.94385
2025-10-04 16:05:00,121928.37,121964.95,121877.2,121877.2,1.05277
2025-10-04 16:10:00,121877.2,121910.0,121625.49,121625.49,1.09199
2025-10-04 16:15:00,121625.5,121720.01,121625.49,121686.11,2.94159
2025-10-04 16:20:00,121686.12,121686.12,120214.71,121242.0,1.3722
2025-10-04 16:25:00,121611.0,121741.0,121611.0,121663.92,0.50563
2025-10-04 16:30:00,121663.91,121862.35,121663.91,121862.35,0.91104
2025-10-04 16:35:00,121862.35,121900.0,121774.0,121825.05,0.35437
2025-10-04 16:40:00,121825.06,121841.77,121746.38,121832.99,0.52516
2025-10-04 16:45:00,121833.0,121833.0,121654.08,121654.09,0.45058
2025-10-04 16:50:00,121654.09,121684.02,121629.0,121684.01,0.319
2025-10-04 16:55:00,121694.08,121710.0,121622.98,121710.0,0.37642
2025-10-04 17:00:00,121709.99,121804.3,121660.57,121787.24,0.59324
2025-10-04 17:05:00,121780.0,121846.0,121780.0,121832.21,0.32027
2025-10-04 17:10:00,121832.22,121832.22,121779.82,121779.82,0.07
2025-10-04 17:15:00,121779.82,121807.55,121748.31,121756.99,0.81881
2025-10-04 17:20:00,121756.99,121783.2,121742.95,121763.01,0.16878
2025-10-04 17:25:00,121763.0,121862.34,121763.0,121846.52,0.39351
2025-10-04 17:30:00,121846.52,121910.24,121811.1,121843.71,1.56889
2025-10-04 17:35:00,121825.37,121825.38,121745.81,121745.82,0.26464
2025-10-04 17:40:00,121745.81,121784.45,121678.33,121718.89,0.48282
2025-10-04 17:45:00,121718.89,121731.84,121678.34,121678.34,1.27912
2025-10-04 17:50:00,121678.35,121701.43,121669.22,121693.32,0.56169
2025-10-04 17:55:00,121693.33,121736.54,121693.32,121736.53,0.27888
2025-10-04 18:00:00,121736.53,121821.98,121733.21,121799.24,2.49341
2025-10-04 18:05:00,121799.24,121829.69,121791.81,121798.09,28.59815
2025-10-04 18:10:00,121798.1,121811.99,25000.0,121704.12,10.05215
2025-10-04 18:15:00,121704.13,121760.48,121700.19,121711.01,0.48534
2025-10-04 18:20:00,121711.01,121742.89,121702.32,121737.56,0.70901
2025-10-04 18:25:00,121737.57,121737.57,121732.1,121732.1,0.62386
2025-10-04 18:30:00,121732.11,121732.11,121681.46,121693.33,0.6547
2025-10-04 18:35:00,121693.33,121693.33,121612.95,121641.99,0.35313
2025-10-04 18:40:00,121642.0,121677.83,121631.5,121677.82,1.64529
2025-10-04 18:45:00,121677.83,121677.83,121623.74,121629.02,1.27153
2025-10-04 18:50:00,121629.03,121629.03,121595.42,121595.42,2.97236
2025-10-04 18:55:00,121595.42,121595.43,121518.21,121559.83,0.33961
2025-10-04 19:00:00,121559.83,121665.98,121559.83,121665.98,2.57409
2025-10-04 19:05:00,121665.97,121669.0,121640.0,121668.99,0.36005
2025-10-04 19:10:00,121669.0,121800.98,121668.99,121800.97,0.13161
2025-10-04 19:15:00,121800.97,121800.98,121754.01,121754.01,0.25006
2025-10-04 19:20:00,121754.02,121866.87,121754.01,121849.42,0.27425
2025-10-04 19:25:00,121849.43,121865.9,121840.81,121840.81,0.24485
2025-10-04 19:30:00,121840.81,121876.37,121826.01,121876.36,0.21902
2025-10-04 19:35:00,121876.37,121905.0,121855.79,121904.99,1.28143
2025-10-04 19:40:00,121904.99,121949.9,121887.87,121887.87,1.55528
2025-10-04 19:45:00,121887.87,121887.88,121881.0,121881.01,0.15859
2025-10-04 19:50:00,121881.0,121930.0,121881.0,121929.99,0.15449
2025-10-04 19:55:00,121930.0,121944.3,121929.99,121944.29,0.28568
2025-10-04 20:00:00,121944.3,122041.98,121898.22,121898.22,1.53074
2025-10-04 20:05:00,121898.22,121973.26,121897.46,121919.79,3.6302
2025-10-04 20:10:00,121919.79,121947.81,121919.79,121939.96,0.31404
2025-10-04 20:15:00,121939.97,122034.39,121939.96,121985.5,3.59923
2025-10-04 20:20:00,121985.5,122036.68,121985.49,122036.67,2.07197
2025-10-04 20:25:00,122036.67,122057.28,122022.2,122057.27,0.25182
2025-10-04 20:30:00,122057.28,122057.28,121995.18,121995.18,0.85522
2025-10-04 20:35:00,121995.19,122044.23,121986.29,122044.23,0.23203
2025-10-04 20:40:00,122044.23,122044.23,122022.99,122029.47,1.31878
2025-10-04 20:45:00,122029.48,122061.83,121993.36,121993.36,0.53256
2025-10-04 20:50:00,121993.36,121993.37,121903.03,121940.5,0.45868
2025-10-04 20:55:00,121940.51,121971.03,121824.12,121824.12,0.29013
2025-10-04 21:00:00,121888.83,121958.94,121824.12,121958.94,0.32772
2025-10-04 21:05:00,121958.93,121968.8,121952.49,121968.79,0.42845
2025-10-04 21:10:00,121968.79,122142.0,121968.79,122142.0,0.90396
2025-10-04 21:15:00,122141.99,122205.78,121824.12,122196.95,0.69664
2025-10-04 21:20:00,122196.95,122236.69,122196.94,122236.68,0.57819
2025-10-04 21:25:00,122236.69,122327.33,122236.68,122327.32,0.47148
2025-10-04 21:30:00,122327.32,122327.33,122306.0,122322.03,0.57772
2025-10-04 21:35:00,122322.03,122329.0,122236.66,122258.61,0.14849
2025-10-04 21:40:00,122258.62,122347.55,122048.66,122319.71,1.63762
2025-10-04 21:45:00,122319.72,122319.72,122188.88,122188.88,0.33049
2025-10-04 21:50:00,122188.88,122188.89,122188.88,122188.88,0.10483
2025-10-04 21:55:00,122188.88,122190.68,122188.88,122190.67,0.21244
2025-10-04 22:00:00,122190.67,122230.8,122174.33,122174.33,0.36239
2025-10-04 22:05:00,122150.91,122207.08,122139.98,122178.62,0.29785
2025-10-04 22:10:00,122178.62,122195.86,122156.14,122195.85,0.29582
2025-10-04 22:15:00,122195.86,122195.86,122195.85,122195.86,0.07691
2025-10-04 22:20:00,122195.86,122196.0,122194.62,122195.99,0.07256
2025-10-04 22:25:00,122196.0,122275.02,122195.99,122234.24,0.25933
2025-10-04 22:30:00,122234.25,122359.21,122234.24,122359.21,0.13832
2025-10-04 22:35:00,122363.23,122363.23,122278.0,122278.0,1.35925
2025-10-04 22:40:00,122278.01,122292.44,122278.0,122292.43,1.10063
2025-10-04 22:45:00,122292.43,122334.0,122292.43,122334.0,0.06561
2025-10-04 22:50:00,122334.0,122334.0,122214.78,122242.68,0.13802
2025-10-04 22:55:00,122242.68,122304.83,122242.68,122287.19,0.40374
2025-10-04 23:00:00,122287.19,122287.2,122242.76,122250.07,0.2
2025-10-04 23:05:00,122250.07,122272.95,122250.07,122272.95,0.19606
2025-10-04 23:10:00,122272.94,122292.44,122256.0,122256.0,0.38511
2025-10-04 23:15:00,122256.0,122256.01,122230.0,122230.0,0.08565
2025-10-04 23:20:00,122230.01,122230.01,122214.0,122214.01,0.05266
2025-10-04 23:25:00,122214.0,122214.01,122214.0,122214.01,0.0423
2025-10-04 23:30:00,122214.01,122401.42,122214.0,122299.99,1.3255
2025-10-04 23:35:00,122300.0,122300.0,122273.02,122300.0,0.07206
2025-10-04 23:40:00,122299.99,122340.0,122299.99,122339.99,1.1228
2025-10-04 23:45:00,122340.0,122410.0,122339.99,122380.61,0.26325
2025-10-04 23:50:00,122380.61,122380.61,122347.56,122347.56,1.10838
2025-10-04 23:55:00,122347.57,122379.99,122347.56,122379.98,0.05677
2025-10-05 00:00:00,122379.99,122410.0,122325.03,122325.04,0.95077
2025-10-05 00:05:00,122325.03,122325.04,122280.03,122280.04,0.73311
2025-10-05 00:10:00,122280.03,122280.04,122253.3,122253.31,0.08079
2025-10-05 00:15:00,122253.3,122323.8,122253.3,122302.09,0.36987
2025-10-05 00:20:00,122302.1,122383.43,122302.09,122383.42,0.13143
2025-10-05 00:25:00,122383.43,122404.02,122361.05,122404.02,1.21449
2025-10-05 00:30:00,122404.01,122404.02,122321.73,122353.53,1.42842
2025-10-05 00:35:00,122353.53,122353.54,122335.6,122335.6,0.11092
2025-10-05 00:40:00,122335.6,122339.19,122271.33,122271.34,0.2679
2025-10-05 00:45:00,122271.33,122271.34,122266.59,122266.59,0.07574
2025-10-05 00:50:00,122246.01,122246.01,122159.28,122169.13,1.299
2025-10-05 00:55:00,122169.12,122185.02,122162.77,122162.77,1.05597
2025-10-05 01:00:00,122157.71,122238.42,122157.7,122238.42,0.21135
2025-10-05 01:05:00,122238.42,122275.93,122238.41,122275.92,0.26881
2025-10-05 01:10:00,122275.93,122306.53,122275.92,122306.53,0.08777
2025-10-05 01:15:00,122306.53,122306.53,122051.83,122244.41,0.33137
2025-10-05 01:20:00,122229.53,122258.44,122137.96,122253.87,0.30786
2025-10-05 01:25:00,122253.87,122306.53,122196.94,122248.0,1.4207
2025-10-05 01:30:00,122248.01,122292.44,122248.0,122286.65,0.3739
2025-10-05 01:35:00,122286.65,122349.44,122283.63,122349.43,0.33818
2025-10-05 01:40:00,122349.43,122410.0,122349.43,122409.99,0.16882
2025-10-05 01:45:00,122390.98,122390.98,122324.36,122359.99,0.63217
2025-10-05 01:50:00,122359.99,122398.83,122359.99,122371.04,0.63351
2025-10-05 01:55:00,122371.04,122375.0,122371.04,122374.99,0.12726
2025-10-05 02:00:00,122375.0,122379.79,122342.0,122351.99,1.41777
2025-10-05 02:05:00,122352.0,122376.49,122351.99,122376.49,0.44458
2025-10-05 02:10:00,122376.48,122398.83,122376.48,122398.82,0.32989
2025-10-05 02:15:00,122398.82,122398.83,122378.51,122378.51,0.37301
2025-10-05 02:20:00,122378.51,122425.01,122378.51,122416.37,0.47488
2025-10-05 02:25:00,122416.38,122762.47,122416.37,122762.47,1.77584
2025-10-05 02:30:00,122762.46,124185.5,122762.46,124182.85,3.06008
2025-10-05 02:35:00,124182.84,124271.95,123823.38,123823.38,1.72961
2025-10-05 02:40:00,123823.39,123823.39,123400.0,123654.92,2.092
2025-10-05 02:45:00,123654.93,123958.2,123654.92,123786.83,0.36293
2025-10-05 02:50:00,123786.82,123820.56,123537.27,123722.14,0.57602
2025-10-05 02:55:00,123722.13,124121.97,123722.13,124120.76,1.3213
2025-10-05 03:00:00,124120.77,124129.25,123846.06,124037.91,0.75804
2025-10-05 03:05:00,124037.92,124059.01,123907.09,123970.0,0.52693
2025-10-05 03:10:00,123970.0,123978.13,123648.47,123668.57,0.33749
2025-10-05 03:15:00,123668.58,123688.0,123400.0,123480.76,0.46517
2025-10-05 03:20:00,123480.75,123680.0,123395.67,123594.04,1.53026
2025-10-05 03:25:00,123594.05,123799.98,123594.04,123744.25,0.56172
2025-10-05 03:30:00,123744.26,124051.18,123744.25,124037.38,0.58545
2025-10-05 03:35:00,124037.38,124162.03,123977.82,124048.44,0.50522
2025-10-05 03:40:00,124048.45,124049.97,123911.63,124018.0,0.63615
2025-10-05 03:45:00,124018.01,124119.28,123961.0,123981.92,0.39655
2025-10-05 03:50:00,123981.91,123988.14,123841.11,123841.11,0.51025
2025-10-05 03:55:00,123841.11,123855.71,123749.9,123814.0,0.57026
2025-10-05 04:00:00,123814.01,124065.84,123776.22,124065.83,0.22391
2025-10-05 04:05:00,124065.84,124065.84,123702.18,123922.81,0.47426
2025-10-05 04:10:00,123922.8,123922.8,123744.68,123901.31,0.46455
2025-10-05 04:15:00,123901.3,124265.96,123641.38,123961.29,0.47257
2025-10-05 04:20:00,123961.28,124032.77,123961.28,123993.28,0.2689
2025-10-05 04:25:00,123993.28,124061.94,123993.0,124019.25,0.3202
2025-10-05 04:30:00,124019.25,124071.47,123993.0,124052.9,0.75629
2025-10-05 04:35:00,124052.91,124278.01,124052.9,124257.54,0.48274
2025-10-05 04:40:00,124257.54,124400.01,124185.8,124270.0,0.81729
2025-10-05 04:45:00,124269.99,126581.99,124269.99,125369.16,3.56012
2025-10-05 04:50:00,125369.17,125582.41,125340.11,125385.86,0.70874
2025-10-05 04:55:00,125385.85,125385.86,125173.34,125187.99,0.81938
2025-10-05 05:00:00,125187.98,125417.78,125187.98,125417.77,0.49673
2025-10-05 05:05:00,125417.78,125417.78,124889.56,125006.27,1.10086
2025-10-05 05:10:00,125006.28,125240.55,124914.57,125178.95,1.90768
2025-10-05 05:15:00,125178.96,125211.84,124928.64,125087.0,0.37652
2025-10-05 05:20:00,125086.99,125167.2,125010.91,125167.2,0.51222
2025-10-05 05:25:00,125167.19,125374.0,125167.19,125373.99,0.85805
2025-10-05 05:30:00,125389.69,125392.0,125210.0,125253.87,0.83096
2025-10-05 05:35:00,125253.88,125344.63,124500.0,125250.0,0.53416
2025-10-05 05:40:00,125249.99,130884.2,125116.61,130884.2,0.70946
2025-10-05 05:45:00,125206.43,125704.21,125020.0,125130.95,0.57369
2025-10-05 05:50:00,125130.95,125130.95,124976.57,124995.1,1.28914
2025-10-05 05:55:00,124995.11,125127.99,124962.42,125127.98,0.58421
2025-10-05 06:00:00,125127.99,125225.54,125127.72,125174.94,0.60362
2025-10-05 06:05:00,125151.82,125194.09,125114.01,125194.09,0.76554
2025-10-05 06:10:00,125194.08,125196.01,124971.57,125085.49,0.6186
2025-10-05 06:15:00,125085.49,125085.49,124927.52,124958.56,0.27189
2025-10-05 06:20:00,124958.57,124967.02,124805.34,124815.97,0.45073
2025-10-05 06:25:00,124815.96,125023.58,124640.54,124640.54,1.02061
2025-10-05 06:30:00,124978.19,125035.38,124640.54,124952.56,0.71157
2025-10-05 06:35:00,124952.57,124952.57,124848.06,124851.41,0.48016
2025-10-05 06:40:00,124851.42,125070.48,124851.41,125070.47,0.52499
2025-10-05 06:45:00,125070.47,125186.0,125008.22,125185.99,1.70386
2025-10-05 06:50:00,125185.99,125200.01,124968.92,125070.0,1.42754
2025-10-05 06:55:00,125069.99,125078.95,125013.57,125013.57,0.21892
2025-10-05 07:00:00,125013.58,125013.58,124853.0,124917.99,0.48385
2025-10-05 07:05:00,124918.0,125070.0,124827.82,125052.61,0.43973
2025-10-05 07:10:00,125052.61,125052.61,124912.68,125033.34,2.64629
2025-10-05 07:15:00,125033.34,125149.55,121986.87,125006.88,2.07186
2025-10-05 07:20:00,125006.87,125133.09,124895.96,124919.0,0.71222
2025-10-05 07:25:00,124919.0,124936.64,121737.05,124851.73,2.52913
2025-10-05 07:30:00,124766.01,124848.25,124698.1,124716.56,0.27759
2025-10-05 07:35:00,124716.57,124733.37,124651.17,124733.36,0.32456
2025-10-05 07:40:00,124733.37,124769.12,124688.0,124688.01,0.29102
2025-10-05 07:45:00,124688.0,124794.66,124688.0,124794.66,0.38525
2025-10-05 07:50:00,124794.65,124918.48,124768.0,124877.31,0.4845
2025-10-05 07:55:00,124877.3,124929.18,124700.0,124700.0,0.28868
2025-10-05 08:00:00,124700.01,124782.02,124585.49,124616.35,0.43126
2025-10-05 08:05:00,124616.35,125002.75,123851.81,124771.27,0.35621
2025-10-05 08:10:00,124812.87,124812.88,124647.23,124647.24,0.26219
2025-10-05 08:15:00,124647.23,124700.12,124647.23,124652.5,0.33324
2025-10-05 08:20:00,124652.51,124815.97,124652.5,124815.96,0.27972
2025-10-05 08:25:00,124808.98,124838.37,124710.0,124740.0,0.42588
2025-10-05 08:30:00,124739.99,124740.0,124647.03,124647.04,0.42074
2025-10-05 08:35:00,124625.0,124765.58,124610.33,124755.33,0.44216
2025-10-05 08:40:00,124755.34,124755.34,124676.02,124702.05,0.30483
2025-10-05 08:45:00,124702.05,124702.05,124594.97,124673.91,0.52988
2025-10-05 08:50:00,124673.91,124691.87,124618.45,124691.86,1.2061
2025-10-05 08:55:00,124691.87,124691.87,124570.63,124595.99,0.6335
2025-10-05 09:00:00,124596.0,124665.37,124575.24,124632.4,0.79604
2025-10-05 09:05:00,124639.91,124639.91,124371.16,124573.72,0.87462
2025-10-05 09:10:00,124573.73,124573.73,124473.37,124473.37,0.2863
2025-10-05 09:15:00,124395.44,124457.08,124340.0,124360.19,1.3325
2025-10-05 09:20:00,124360.2,124426.2,124246.84,124411.78,0.35117
2025-10-05 09:25:00,124411.78,124411.79,123996.4,123996.41,1.70112
2025-10-05 09:30:00,123996.41,123996.41,123373.08,123607.71,3.0156
2025-10-05 09:35:00,123607.72,123650.0,123184.0,123184.01,1.00359
2025-10-05 09:40:00,123184.0,123240.01,122895.55,123045.73,0.48847
2025-10-05 09:45:00,123045.72,123230.0,122878.0,123229.99,1.83849
2025-10-05 09:50:00,123230.0,123230.0,123017.73,123162.84,0.44182
2025-10-05 09:55:00,123162.85,123197.01,123009.12,123014.24,0.44231
2025-10-05 10:00:00,123014.23,123071.07,122618.13,122625.51,0.32667
2025-10-05 10:05:00,122625.52,122847.08,122625.51,122691.37,1.4801
2025-10-05 10:10:00,122691.38,122902.0,122572.73,122842.1,0.42301
2025-10-05 10:15:00,122842.09,124041.93,122820.56,122969.99,0.65169
2025-10-05 10:20:00,122970.0,123113.04,122969.99,123049.53,0.25338
2025-10-05 10:25:00,123049.52,123049.53,122974.96,122994.78,0.4152
2025-10-05 10:30:00,122994.77,122994.78,121704.15,122736.84,0.79557
2025-10-05 10:35:00,122728.55,122869.0,122680.11,122812.38,0.99123
2025-10-05 10:40:00,122812.39,122842.45,122805.0,122816.66,0.53259
2025-10-05 10:45:00,122816.65,123061.5,122816.65,123057.62,0.62649
2025-10-05 10:50:00,123057.62,123088.73,122950.0,122964.01,0.23003
2025-10-05 10:55:00,122964.0,123102.9,122964.0,123028.0,0.96645
2025-10-05 11:00:00,123028.01,123241.5,123017.99,123193.98,0.42786
2025-10-05 11:05:00,123185.29,123185.29,122961.67,122961.68,0.28795
2025-10-05 11:10:00,122961.67,123053.65,122852.83,122852.84,0.44927
2025-10-05 11:15:00,122852.83,123056.33,122852.83,123056.32,0.42961
2025-10-05 11:20:00,123056.33,123262.02,123013.85,123262.02,0.69339
2025-10-05 11:25:00,123262.01,123420.26,123262.01,123375.3,0.88771
2025-10-05 11:30:00,123375.29,123375.3,123200.51,123228.89,0.39148
2025-10-05 11:35:00,123228.88,123299.99,123198.63,123255.94,0.50811
2025-10-05 11:40:00,123255.93,123356.36,123242.0,123356.35,0.32576
2025-10-05 11:45:00,123356.35,123410.0,121735.96,123409.99,0.60528
2025-10-05 11:50:00,123409.99,123497.65,123370.78,123497.64,0.51169
2025-10-05 11:55:00,123497.65,123522.32,123464.64,123464.64,0.28854
2025-10-05 12:00:00,123464.64,123464.65,123127.64,123131.31,1.3368
2025-10-05 12:05:00,123131.31,123153.05,122964.23,122973.99,0.27502
2025-10-05 12:10:00,122974.0,123149.98,122973.99,123149.98,0.47352
2025-10-05 12:15:00,123149.97,123250.25,123070.55,123250.24,0.50131
2025-10-05 12:20:00,123250.24,123250.25,123197.53,123228.35,0.25995
2025-10-05 12:25:00,123228.34,124234.1,123125.29,123125.91,4.03691
2025-10-05 12:30:00,123125.9,123196.13,123123.0,123149.28,0.61601
2025-10-05 12:35:00,123140.67,123191.82,122972.34,122972.35,0.80957
2025-10-05 12:40:00,122972.34,123097.7,122972.34,123064.01,0.23092
2025-10-05 12:45:00,123064.01,123160.3,123055.06,123160.29,1.58147
2025-10-05 12:50:00,123160.3,123234.35,123160.29,123160.31,0.24771
2025-10-05 12:55:00,123160.3,123214.86,123074.71,123085.88,0.39531
2025-10-05 13:00:00,123085.89,123218.01,123070.46,123218.01,4.51831
2025-10-05 13:05:00,123218.01,123243.83,123167.98,123243.82,2.8647
2025-10-05 13:10:00,123243.83,123325.78,123225.9,123246.87,3.26894
2025-10-05 13:15:00,123246.88,123268.86,123222.0,123244.75,0.64875
2025-10-05 13:20:00,123244.76,123271.19,123166.14,123243.21,1.54519
2025-10-05 13:25:00,123243.2,123326.04,123243.2,123297.34,0.23257
2025-10-05 13:30:00,123297.35,123300.0,123215.56,123300.0,1.30291
2025-10-05 13:35:00,123300.0,123358.83,123265.54,123345.04,2.90222
2025-10-05 13:40:00,123345.05,123345.05,30000.0,123266.49,2.7869
2025-10-05 13:45:00,123268.33,123281.67,123236.91,123261.19,1.73166
2025-10-05 13:50:00,123261.2,123261.2,123099.74,123124.08,1.20397
2025-10-05 13:55:00,123124.09,123161.41,123118.88,123160.0,0.65838
2025-10-05 14:00:00,123160.01,123294.87,123160.0,123258.16,0.84526
2025-10-05 14:05:00,123258.15,123282.64,123244.95,123282.63,1.32183
2025-10-05 14:10:00,123282.64,123339.42,123277.79,123277.79,0.44548
2025-10-05 14:15:00,123277.79,123286.87,123137.48,123195.46,0.50478
2025-10-05 14:20:00,123195.47,123196.01,123144.0,123196.01,0.44352
2025-10-05 14:25:00,123196.01,123241.52,123165.59,123206.53,0.2475
2025-10-05 14:30:00,123206.53,123228.95,30000.0,123140.0,1.75067
2025-10-05 14:35:00,123140.0,123141.01,123024.5,123036.01,0.24751
2025-10-05 14:40:00,123036.01,123058.11,122784.23,122889.89,0.31068
2025-10-05 14:45:00,122889.9,122994.04,122834.56,122893.79,0.40221
2025-10-05 14:50:00,122893.78,122977.53,122893.78,122945.07,1.32737
2025-10-05 14:55:00,122945.06,123061.64,122945.06,123035.0,1.14599
2025-10-05 15:00:00,123035.0,123035.0,122137.72,122926.1,1.59703
2025-10-05 15:05:00,122926.11,122963.44,122830.0,122840.0,0.46094
2025-10-05 15:10:00,122840.0,122944.2,122839.99,122944.19,1.342
2025-10-05 15:15:00,122944.2,123010.0,122944.19,123010.0,0.33525
2025-10-05 15:20:00,123009.99,123010.0,122919.71,122926.0,0.26234
2025-10-05 15:25:00,122926.01,122989.0,122871.77,122891.99,1.53813
2025-10-05 15:30:00,122891.99,122907.06,122814.57,122814.57,0.35008
2025-10-05 15:35:00,122814.58,122814.58,122701.47,122757.4,1.87707
2025-10-05 15:40:00,122757.41,122804.33,122757.4,122772.65,0.27508
2025-10-05 15:45:00,122772.65,122804.57,122725.82,122789.12,2.6026
2025-10-05 15:50:00,122789.12,122849.99,122789.12,122805.55,1.26363
2025-10-05 15:55:00,122805.54,122850.0,122787.87,122803.17,2.5356
2025-10-05 16:00:00,122803.18,122855.84,122790.92,122844.59,1.54144
2025-10-05 16:05:00,122844.58,123088.83,122844.58,123088.83,1.58103
2025-10-05 16:10:00,123088.82,123104.2,123031.15,123069.99,0.99907
2025-10-05 16:15:00,123070.0,123090.0,123002.52,123059.99,0.47563
2025-10-05 16:20:00,123060.0,123060.0,122995.93,122995.93,2.25754
2025-10-05 16:25:00,122995.92,122996.24,122952.3,122952.3,0.60963
2025-10-05 16:30:00,122952.31,122971.78,122913.97,122969.73,0.68199
2025-10-05 16:35:00,122969.72,123072.7,122949.84,123060.48,0.59578
2025-10-05 16:40:00,123060.49,123072.64,123010.32,123016.47,0.40674
2025-10-05 16:45:00,123016.48,123019.29,122678.75,122710.0,0.59097
2025-10-05 16:50:00,122709.99,122967.03,122415.86,122934.48,2.00667
2025-10-05 16:55:00,122934.48,123324.21,122934.48,123265.55,1.90766
2025-10-05 17:00:00,123265.56,123464.0,123265.55,123401.66,0.4839
2025-10-05 17:05:00,123401.65,123433.92,123267.15,123273.49,0.42551
2025-10-05 17:10:00,123273.48,123273.49,123184.05,123214.0,0.47638
2025-10-05 17:15:00,123214.01,123462.22,123214.0,123241.46,0.28023
2025-10-05 17:20:00,123241.46,123241.46,123173.33,123200.51,1.41992
2025-10-05 17:25:00,123200.5,123200.5,123160.3,123190.92,1.26109
2025-10-05 17:30:00,123190.91,123190.91,123013.56,123013.57,0.49438
2025-10-05 17:35:00,123013.56,123058.84,122900.21,123037.01,0.33014
2025-10-05 17:40:00,123037.01,123124.55,122956.2,123124.54,1.41009
2025-10-05 17:45:00,123124.55,123124.55,122704.77,123090.31,0.51905
2025-10-05 17:50:00,123090.3,123090.31,122993.36,123031.67,1.27647
2025-10-05 17:55:00,123031.67,123068.76,122973.0,123057.05,1.26497
2025-10-05 18:00:00,123057.04,123840.64,123054.48,123080.02,2.3561
2025-10-05 18:05:00,123080.02,123129.92,98000.2,122957.68,4.63971
2025-10-05 18:10:00,122957.68,123308.08,122860.79,122990.0,0.82428
2025-10-05 18:15:00,122990.0,123040.0,122978.02,123028.0,1.48797
2025-10-05 18:20:00,123028.0,123040.24,122894.57,122976.52,0.40029
2025-10-05 18:25:00,122976.52,123076.4,122976.51,123055.06,2.34624
2025-10-05 18:30:00,123055.07,123273.0,122993.38,123160.29,0.6316
2025-10-05 18:35:00,123160.3,123220.3,123020.0,123020.0,1.53153
2025-10-05 18:40:00,123020.01,123020.01,30000.0,123001.35,1.42143
2025-10-05 18:45:00,123001.36,123020.64,122987.68,123020.64,0.28688
2025-10-05 18:50:00,123020.63,123096.0,123020.63,123040.01,0.20909
2025-10-05 18:55:00,123040.01,123040.01,120434.79,123011.75,1.22007
2025-10-05 19:00:00,123011.75,123026.0,122970.47,122970.47,0.33075
2025-10-05 19:05:00,122970.47,122970.47,122791.52,122824.57,0.59804
2025-10-05 19:10:00,122824.56,123273.0,122618.11,122776.85,1.33379
2025-10-05 19:15:00,122776.85,122776.86,122691.86,122709.03,0.26275
2025-10-05 19:20:00,122709.03,123308.08,122694.85,122938.0,1.0069
2025-10-05 19:25:00,122937.99,122938.0,122827.05,122827.06,0.38381
2025-10-05 19:30:00,122827.05,122878.01,122786.9,122878.01,0.64579
2025-10-05 19:35:00,122878.01,122879.86,122697.68,122772.18,0.49387
2025-10-05 19:40:00,122772.17,122800.0,122749.11,122749.77,5.53152
2025-10-05 19:45:00,122749.77,122749.77,122566.92,122645.48,1.635
2025-10-05 19:50:00,122645.48,122645.49,122523.29,122601.26,1.05631
2025-10-05 19:55:00,122601.27,122629.64,122525.56,122598.26,0.75247
2025-10-05 20:00:00,122598.25,122714.5,98000.2,122714.49,8.48075
2025-10-05 20:05:00,122714.5,122714.5,122542.0,122661.0,0.47168
2025-10-05 20:10:00,122660.99,122759.96,122649.0,122696.64,0.86289
2025-10-05 20:15:00,122696.65,122771.48,122634.5,122730.11,0.747
2025-10-05 20:20:00,122730.12,122737.09,122662.25,122670.96,0.77801
2025-10-05 20:25:00,122670.95,122698.0,122670.95,122697.99,0.28837
2025-10-05 20:30:00,122697.99,122886.52,122697.99,122861.4,0.52521
2025-10-05 20:35:00,122861.4,123027.15,122861.4,123027.15,1.50428
2025-10-05 20:40:00,123027.15,123308.08,122326.93,122933.03,1.44792
2025-10-05 20:45:00,122933.04,122979.44,122852.22,122852.22,0.52115
2025-10-05 20:50:00,122852.23,122886.0,122847.57,122880.53,0.21545
2025-10-05 20:55:00,122880.53,122880.53,122739.34,122739.34,0.35959
2025-10-05 21:00:00,122739.34,122739.35,122686.34,122686.34,0.50946
2025-10-05 21:05:00,122686.34,122686.35,122517.58,122559.99,0.2576
2025-10-05 21:10:00,122560.0,122619.11,122549.74,122619.11,0.2304
2025-10-05 21:15:00,122619.1,122693.17,122587.99,122693.17,1.38859
2025-10-05 21:20:00,122693.16,122789.15,122693.16,122768.36,0.31161
2025-10-05 21:25:00,122768.37,122768.37,122681.26,122681.27,0.48466
2025-10-05 21:30:00,122680.91,122680.91,122600.21,122600.21,0.38786
2025-10-05 21:35:00,122600.22,122931.69,122489.85,122576.57,0.72242
2025-10-05 21:40:00,122576.58,122881.54,122576.57,122669.21,0.34572
2025-10-05 21:45:00,122669.21,122704.87,122643.36,122704.87,0.34607
2025-10-05 21:50:00,122704.86,122766.0,122704.86,122739.35,0.33204
2025-10-05 21:55:00,122739.35,122739.35,122689.08,122729.99,0.28497
2025-10-05 22:00:00,122730.0,123054.3,122729.99,123047.75,1.38446
2025-10-05 22:05:00,123047.74,123108.11,122953.22,122953.23,0.36687
2025-10-05 22:10:00,122953.23,122953.23,122847.7,122919.81,0.23881
2025-10-05 22:15:00,122919.8,123000.0,122912.99,123000.0,0.5455
2025-10-05 22:20:00,122999.99,123250.0,122999.99,123250.0,2.3869
2025-10-05 22:25:00,123250.0,123278.76,123142.22,123142.22,0.70936
2025-10-05 22:30:00,123142.23,123161.98,123040.0,123087.51,1.63483
2025-10-05 22:35:00,123087.5,123308.08,123070.13,123137.14,1.46261
2025-10-05 22:40:00,123137.14,123142.21,123118.07,123137.19,1.70429
2025-10-05 22:45:00,123137.2,123137.2,123087.6,123108.41,0.50259
2025-10-05 22:50:00,123108.41,123148.0,123080.04,123147.99,0.46876
2025-10-05 22:55:00,123148.0,123308.08,123147.99,123237.41,0.68493
2025-10-05 23:00:00,123237.4,123317.94,123219.62,123299.09,1.36235
2025-10-05 23:05:00,123299.09,123470.0,123299.09,123445.2,0.59144
2025-10-05 23:10:00,123445.2,123476.02,123403.76,123476.01,0.62967
2025-10-05 23:15:00,123476.02,123500.0,123405.09,123441.25,0.39225
2025-10-05 23:20:00,123441.25,123477.18,123411.54,123411.54,0.48481
2025-10-05 23:25:00,123411.55,123462.68,123349.98,123462.67,0.64974
2025-10-05 23:30:00,123462.67,123524.46,123462.67,123497.14,0.71102
2025-10-05 23:35:00,123497.14,123504.06,123497.13,123504.05,0.32552
2025-10-05 23:40:00,123504.06,123512.94,123457.06,123509.63,0.47968
2025-10-05 23:45:00,123509.64,123509.64,123499.57,123504.76,0.35412
2025-10-05 23:50:00,123504.75,123504.76,123445.33,123468.0,0.3307
2025-10-05 23:55:00,123468.0,123492.0,123442.94,123469.07,0.30661
2025-10-06 00:00:00,123469.07,123499.0,122705.36,123340.91,1.43069
2025-10-06 00:05:00,123340.91,123374.9,123288.0,123301.46,0.70307
2025-10-06 00:10:00,123301.46,123514.74,123275.58,123514.0,1.51317
2025-10-06 00:15:00,123514.01,124303.04,123514.0,124303.03,0.49365
2025-10-06 00:20:00,124303.04,124318.43,123832.8,123929.62,2.23335
2025-10-06 00:25:00,123929.63,124012.93,123541.11,123643.83,3.29026
2025-10-06 00:30:00,123643.82,124000.7,123639.34,123796.13,0.72179
2025-10-06 00:35:00,123796.14,123853.64,123467.38,123467.38,0.35397
2025-10-06 00:40:00,123467.38,124067.09,123467.38,123704.15,1.3776
2025-10-06 00:45:00,123704.16,123704.16,123514.99,123545.02,0.51192
2025-10-06 00:50:00,123545.01,123545.02,123159.48,123159.48,0.64224
2025-10-06 00:55:00,123159.49,123373.96,123088.88,123347.29,1.36464
2025-10-06 01:00:00,123347.29,123404.89,123218.34,123362.71,0.53759
2025-10-06 01:05:00,123362.71,123632.75,123362.71,123482.09,0.56414
2025-10-06 01:10:00,123482.09,123575.52,123482.08,123486.86,0.35315
2025-10-06 01:15:00,123486.87,123566.59,123334.06,123566.59,2.06151
2025-10-06 01:20:00,123566.59,123887.99,123566.58,123887.98,0.6381
2025-10-06 01:25:00,123887.99,123988.0,123796.46,123841.36,1.14295
2025-10-06 01:30:00,123841.35,124107.4,123841.35,124002.23,1.21354
2025-10-06 01:35:00,124021.23,124205.57,123918.0,123984.23,1.00283
2025-10-06 01:40:00,123984.24,124058.0,123750.0,123857.53,1.29828
2025-10-06 01:45:00,123857.52,124137.3,123802.12,123974.26,0.40561
2025-10-06 01:50:00,123974.25,124034.62,123960.07,123988.9,0.33519
2025-10-06 01:55:00,123988.89,124045.41,123977.51,124035.32,0.65006
2025-10-06 02:00:00,124035.33,124220.55,123871.04,123871.05,0.71214
2025-10-06 02:05:00,123871.04,123963.74,123867.62,123868.99,0.46931
2025-10-06 02:10:00,123868.98,123947.91,123816.99,123865.14,0.5133
2025-10-06 02:15:00,123865.15,123899.97,123845.01,123870.82,0.26349
2025-10-06 02:20:00,123870.82,124074.43,123830.25,123970.0,0.50664
2025-10-06 02:25:00,123970.0,123970.01,123857.15,123857.15,1.60272
2025-10-06 02:30:00,123857.15,123926.02,123553.49,123590.78,0.70786
2025-10-06 02:35:00,123590.79,123616.08,123497.1,123593.22,0.51533
2025-10-06 02:40:00,123593.21,123859.77,123593.21,123839.08,1.49394
2025-10-06 02:45:00,123839.08,124219.07,123839.07,124179.42,0.61649
2025-10-06 02:50:00,124126.0,124179.42,123963.74,124002.23,0.61025
2025-10-06 02:55:00,124002.23,124048.26,123991.78,124002.22,0.40759
2025-10-06 03:00:00,124002.23,124108.06,124002.22,124006.22,0.52718
2025-10-06 03:05:00,124006.22,124089.85,123979.61,123998.12,0.35158
2025-10-06 03:10:00,123998.12,124031.01,123949.15,124002.57,0.49493
2025-10-06 03:15:00,124002.58,124045.65,123896.98,123949.98,0.45057
2025-10-06 03:20:00,123949.98,123974.66,123880.4,123880.4,0.29708
2025-10-06 03:25:00,123880.4,123987.47,123880.4,123910.58,0.35165
2025-10-06 03:30:00,123910.59,123988.0,123910.58,123944.94,0.48398
2025-10-06 03:35:00,123944.95,124179.42,123870.0,123975.44,0.3478
2025-10-06 03:40:00,123975.45,123975.45,123868.86,123893.57,0.46569
2025-10-06 03:45:00,123893.57,123893.58,123742.64,123785.12,1.72538
2025-10-06 03:50:00,123785.12,123936.49,123785.12,123936.49,1.01967
2025-10-06 03:55:00,123936.49,123936.49,123842.82,123842.83,0.83915
2025-10-06 04:00:00,123842.83,123882.75,123793.65,123824.72,0.60958
2025-10-06 04:05:00,123824.73,124220.55,123773.73,123807.69,0.50634
2025-10-06 04:10:00,123807.69,124233.59,123760.2,123915.94,1.60072
2025-10-06 04:15:00,123915.94,123943.24,123881.36,123881.37,0.61672
2025-10-06 04:20:00,123881.37,123985.21,123881.36,123935.51,0.40387
2025-10-06 04:25:00,123935.51,123978.0,123935.5,123957.06,0.37837
2025-10-06 04:30:00,123957.05,123988.0,123754.95,123779.5,0.78041
2025-10-06 04:35:00,123779.51,123779.51,123698.12,123721.35,0.33094
2025-10-06 04:40:00,123721.36,123753.92,123644.93,123715.41,0.33705
2025-10-06 04:45:00,123715.41,123747.35,123659.75,123747.34,0.45327
2025-10-06 04:50:00,123747.34,123779.2,123662.0,123675.79,1.34924
2025-10-06 04:55:00,123675.8,123675.8,123580.26,123580.27,1.38156
2025-10-06 05:00:00,123580.26,124303.8,123383.77,123512.6,0.72833
2025-10-06 05:05:00,123512.59,123546.77,123374.93,123387.95,0.41946
2025-10-06 05:10:00,123387.95,123426.78,123299.99,123348.18,0.59312
2025-10-06 05:15:00,123348.17,123494.0,123317.0,123450.0,1.18468
2025-10-06 05:20:00,123450.01,123469.0,123440.88,123468.99,0.4948
2025-10-06 05:25:00,123468.99,123637.49,123468.99,123603.56,0.34957
2025-10-06 05:30:00,123603.56,123613.99,122326.93,123482.47,0.51887
2025-10-06 05:35:00,123482.48,123514.95,123462.22,123496.13,0.51656
2025-10-06 05:40:00,123496.13,123521.24,123477.3,123521.24,0.23492
2025-10-06 05:45:00,123521.24,123720.91,123521.23,123720.91,0.16733
2025-10-06 05:50:00,123720.91,123720.91,123494.43,123561.49,0.49278
2025-10-06 05:55:00,123561.48,123641.42,123561.48,123586.01,0.28547
2025-10-06 06:00:00,123586.01,123785.0,123586.0,123738.22,0.69107
2025-10-06 06:05:00,123738.21,123821.29,123686.49,123762.01,0.48962
2025-10-06 06:10:00,123762.01,123840.64,123762.0,123827.45,0.5021
2025-10-06 06:15:00,123827.44,123855.46,123686.5,123720.69,1.48176
2025-10-06 06:20:00,123720.7,123752.11,123672.14,123700.0,0.32888
2025-10-06 06:25:00,123700.01,123903.57,123700.0,123889.18,0.31729
2025-10-06 06:30:00,123889.19,123966.52,123876.77,123954.14,0.79326
2025-10-06 06:35:00,123954.14,124165.56,123954.13,124056.74,0.55227
2025-10-06 06:40:00,124056.74,124095.22,123988.88,123989.27,0.37504
2025-10-06 06:45:00,123989.28,124021.68,123966.82,124010.01,0.35779
2025-10-06 06:50:00,124010.01,124075.43,123817.44,123888.3,0.52099
2025-10-06 06:55:00,123888.31,123978.64,123888.3,123978.0,0.28075
2025-10-06 07:00:00,123978.0,124025.54,123635.65,123881.49,1.42308
2025-10-06 07:05:00,123881.5,123930.83,123816.34,123930.83,0.30029
2025-10-06 07:10:00,123930.82,124010.0,123832.08,124000.59,0.51446
2025-10-06 07:15:00,124000.59,124264.68,123487.1,123903.56,0.87308
2025-10-06 07:20:00,123903.57,123972.11,123880.4,123904.15,1.28124
2025-10-06 07:25:00,123904.16,123904.16,123829.08,123829.09,1.50344
2025-10-06 07:30:00,123829.08,123842.84,123621.42,123621.42,0.65267
2025-10-06 07:35:00,123621.42,123717.85,123607.24,123616.24,0.83694
2025-10-06 07:40:00,123616.23,123616.24,123362.28,123405.98,0.0868
2025-10-06 07:45:00,123405.98,123465.24,123312.23,123350.01,0.42853
2025-10-06 07:50:00,123350.0,123399.38,123322.38,123341.11,1.21664
2025-10-06 07:55:00,123341.11,123412.77,123333.18,123403.33,0.39963
2025-10-06 08:00:00,123403.32,123488.18,123390.46,123455.2,0.40126
2025-10-06 08:05:00,123455.2,123600.39,123455.19,123600.39,1.77891
2025-10-06 08:10:00,123600.39,123686.5,123515.83,123635.78,0.47164
2025-10-06 08:15:00,123635.78,123662.35,123589.14,123592.16,1.42108
2025-10-06 08:20:00,123592.17,123702.43,123592.16,123702.43,0.31321
2025-10-06 08:25:00,123702.42,123770.0,123691.99,123759.99,1.09554
2025-10-06 08:30:00,123760.0,123860.0,123759.99,123833.51,1.24534
2025-10-06 08:35:00,123833.52,123839.08,123753.88,123797.75,2.00109
2025-10-06 08:40:00,123797.75,123800.0,123675.4,123675.41,0.46277
2025-10-06 08:45:00,123675.4,123821.22,123655.96,123774.52,1.35712
2025-10-06 08:50:00,123774.52,123831.2,94900.0,123831.2,7.78607
2025-10-06 08:55:00,123831.2,123879.07,123821.96,123846.55,6.10523
2025-10-06 09:00:00,123846.56,123974.6,123830.0,123974.6,1.8015
2025-10-06 09:05:00,123974.6,124032.19,123850.0,123958.95,0.87285
2025-10-06 09:10:00,123958.96,124056.0,123922.4,123941.86,0.34153
2025-10-06 09:15:00,123941.85,123948.71,123907.32,123929.09,1.09822
2025-10-06 09:20:00,123929.1,123949.99,123839.07,123907.96,3.16525
2025-10-06 09:25:00,123907.95,123928.97,123870.6,123896.98,0.10836
2025-10-06 09:30:00,123896.99,123918.89,123876.91,123876.92,0.54668
2025-10-06 09:35:00,123876.91,123908.17,123818.5,123857.26,0.34293
2025-10-06 09:40:00,123857.27,123882.96,123810.55,123810.56,0.28888
2025-10-06 09:45:00,123810.55,123869.03,123780.56,123816.99,1.49101
2025-10-06 09:50:00,123816.99,124071.85,123808.52,123916.66,0.33926
2025-10-06 09:55:00,123916.65,124015.96,123916.65,123955.3,2.07311
2025-10-06 10:00:00,123955.29,124095.62,123955.29,124014.14,0.67157
2025-10-06 10:05:00,124014.15,124040.0,123915.92,123947.91,0.30089
2025-10-06 10:10:00,123947.91,124002.43,123910.93,123955.86,1.99386
2025-10-06 10:15:00,123955.86,123957.71,123926.46,123951.31,1.47892
2025-10-06 10:20:00,123951.31,124046.86,123951.3,124045.75,2.26515
2025-10-06 10:25:00,124045.75,124106.95,124045.74,124088.09,0.85751
2025-10-06 10:30:00,124088.08,124107.19,124028.26,124080.0,0.71049
2025-10-06 10:35:00,124080.0,124090.0,124051.38,124056.73,0.20934
2025-10-06 10:40:00,124056.74,124090.0,124051.38,124077.58,0.07808
2025-10-06 10:45:00,124077.58,124089.98,124070.53,124072.36,0.16282
2025-10-06 10:50:00,124072.37,124142.85,124072.36,124107.46,0.62094
2025-10-06 10:55:00,124107.46,124107.46,123986.75,123986.76,1.49882
2025-10-06 11:00:00,123986.75,123986.76,123816.77,123927.08,1.95307
2025-10-06 11:05:00,123927.07,123987.65,123844.2,123844.2,0.64986
2025-10-06 11:10:00,123844.2,123854.84,123791.74,123791.74,0.29462
2025-10-06 11:15:00,123791.74,123915.56,123759.92,123907.27,2.18343
2025-10-06 11:20:00,123907.28,123955.09,123865.9,123942.38,0.44141
2025-10-06 11:25:00,123942.37,124401.47,123928.56,124329.77,1.31348
2025-10-06 11:30:00,124329.77,124495.7,124132.24,124179.99,1.61453
2025-10-06 11:35:00,124180.0,124248.29,124087.84,124248.28,1.722
2025-10-06 11:40:00,124248.29,124346.82,124014.26,124318.47,1.50289
2025-10-06 11:45:00,124318.48,124404.81,124209.98,124209.99,1.38518
2025-10-06 11:50:00,124209.98,124294.18,124195.96,124195.96,1.01273
2025-10-06 11:55:00,124195.97,124246.0,124195.96,124221.95,1.29317
2025-10-06 12:00:00,124221.95,124408.69,124178.0,124367.56,1.7991
2025-10-06 12:05:00,124367.55,124500.0,124305.3,124499.99,1.11902
2025-10-06 12:10:00,124500.0,124509.25,124424.8,124424.8,0.71261
2025-10-06 12:15:00,124424.81,124667.8,124424.8,124667.79,1.696
2025-10-06 12:20:00,124667.8,124680.29,124569.18,124582.92,0.23007
2025-10-06 12:25:00,124582.93,124582.93,124382.19,124382.2,0.67178
2025-10-06 12:30:00,124382.19,124456.67,124374.33,124432.0,0.42717
2025-10-06 12:35:00,124432.01,124458.12,124300.0,124327.05,0.94826
2025-10-06 12:40:00,124327.05,124350.0,124265.0,124343.99,0.51551
2025-10-06 12:45:00,124343.98,124509.89,124325.96,124509.89,0.54285
2025-10-06 12:50:00,124509.89,124587.65,124509.88,124538.12,1.47191
2025-10-06 12:55:00,124538.12,124578.64,124514.5,124556.64,0.41257
2025-10-06 13:00:00,124556.65,124619.67,124556.64,124569.45,1.51078
2025-10-06 13:05:00,124569.46,124728.06,124563.3,124700.0,0.45355
2025-10-06 13:10:00,124700.01,124801.27,124618.3,124693.9,0.45639
2025-10-06 13:15:00,124693.9,124709.7,124556.64,124709.69,1.44753
2025-10-06 13:20:00,124709.7,124858.0,124709.69,124818.53,1.32176
2025-10-06 13:25:00,124818.54,124924.05,124812.05,124818.52,0.45567
2025-10-06 13:30:00,124818.53,124860.29,124408.29,124666.83,3.9235
2025-10-06 13:35:00,124408.29,124831.01,124408.29,124820.0,1.66775
2025-10-06 13:40:00,124820.0,124928.01,124455.71,124556.02,1.71578
2025-10-06 13:45:00,124556.01,124636.01,124393.89,124593.23,1.08232
2025-10-06 13:50:00,124593.22,124728.88,124330.0,124675.71,1.06653
2025-10-06 13:55:00,124675.72,125061.94,124675.71,125031.33,1.98779
2025-10-06 14:00:00,125031.34,125119.46,124915.34,124984.7,1.07555
2025-10-06 14:05:00,124984.71,125308.96,124950.22,125259.77,2.1325
2025-10-06 14:10:00,125259.76,125300.0,124917.43,124943.59,2.61511
2025-10-06 14:15:00,124943.59,125318.42,123781.98,124975.31,2.41221
2025-10-06 14:20:00,124975.32,124982.36,124634.84,124634.84,1.3544
2025-10-06 14:25:00,124634.85,124928.82,124586.56,124889.1,0.78802
2025-10-06 14:30:00,124889.1,125059.22,124868.36,125001.58,0.93209
2025-10-06 14:35:00,125001.58,125031.69,124888.65,124888.65,0.48856
2025-10-06 14:40:00,124888.66,124888.66,124635.99,124753.97,0.598
2025-10-06 14:45:00,124753.97,124975.93,123781.98,124864.44,1.14742
2025-10-06 14:50:00,124864.42,124864.44,124621.49,124621.49,0.44708
2025-10-06 14:55:00,124621.5,124621.5,124260.17,124505.52,0.55382
2025-10-06 15:00:00,124505.52,124683.86,124505.52,124672.67,1.60746
2025-10-06 15:05:00,124672.67,124724.83,124617.27,124651.79,0.5211
2025-10-06 15:10:00,124651.79,124738.9,124615.23,124724.01,0.5816
2025-10-06 15:15:00,124724.02,125050.0,124724.01,125050.0,0.43766
2025-10-06 15:20:00,125050.0,125385.31,125040.49,125265.91,4.14182
2025-10-06 15:25:00,125265.91,125509.4,125156.05,125191.47,0.89012
2025-10-06 15:30:00,125191.48,125192.36,124989.02,125077.3,0.93651
2025-10-06 15:35:00,125077.3,125279.24,125029.29,125127.09,0.47021
2025-10-06 15:40:00,125127.09,125185.16,125055.31,125082.27,2.67294
2025-10-06 15:45:00,125082.27,125127.16,125000.0,125127.16,0.622
2025-10-06 15:50:00,125127.16,125237.47,125127.15,125165.53,1.74202
2025-10-06 15:55:00,125165.54,125212.0,125000.0,125000.0,0.76384
2025-10-06 16:00:00,125000.0,125044.55,124917.71,124917.72,0.88183
2025-10-06 16:05:00,124917.71,125072.66,124839.09,124878.49,1.00392
2025-10-06 16:10:00,124878.48,124892.07,124800.0,124848.37,0.51086
2025-10-06 16:15:00,124848.38,124986.34,124848.37,124986.33,0.34034
2025-10-06 16:20:00,124986.33,125000.0,124858.24,124875.59,1.44969
2025-10-06 16:25:00,124887.02,124994.09,124850.0,124898.99,0.64449
2025-10-06 16:30:00,124892.4,125042.2,124892.4,125003.62,3.76167
2025-10-06 16:35:00,125003.62,125198.96,124988.68,125198.96,0.43966
2025-10-06 16:40:00,125198.95,125235.0,125099.37,125204.18,0.27682
2025-10-06 16:45:00,125204.17,125233.75,125202.71,125208.25,1.40106
2025-10-06 16:50:00,125208.25,125239.0,125109.79,125233.23,0.47132
2025-10-06 16:55:00,125233.22,125476.29,125233.22,125476.29,0.99342
2025-10-06 17:00:00,125476.28,125476.29,125358.59,125423.25,0.78301
2025-10-06 17:05:00,125423.25,125580.99,125383.9,125577.01,1.04372
2025-10-06 17:10:00,125577.02,125623.74,125346.83,125440.6,0.89179
2025-10-06 17:15:00,125440.59,125523.55,125405.0,125486.09,0.88594
2025-10-06 17:20:00,125486.09,125800.0,125486.02,125772.6,2.84912
2025-10-06 17:25:00,125772.6,125800.18,125537.56,125653.98,2.19301
2025-10-06 17:30:00,125653.99,125782.13,125316.1,125316.1,1.85683
2025-10-06 17:35:00,125316.11,125326.0,125129.22,125223.48,1.17985
2025-10-06 17:40:00,125223.49,125275.42,125133.0,125182.27,0.97612
2025-10-06 17:45:00,125182.27,125251.44,125140.0,125245.92,0.51283
2025-10-06 17:50:00,125245.93,125471.4,125241.19,125401.85,1.99604
2025-10-06 17:55:00,125401.85,125401.86,125284.0,125284.01,0.86573
2025-10-06 18:00:00,125284.0,125284.01,125044.46,125118.21,2.17328
2025-10-06 18:05:00,125118.22,125295.21,125118.21,125196.01,0.78808
2025-10-06 18:10:00,125196.01,125270.0,125165.87,125243.0,0.6082
2025-10-06 18:15:00,125243.0,125358.01,125243.0,125342.43,0.48622
2025-10-06 18:20:00,125342.42,125362.5,125239.8,125250.89,0.28994
2025-10-06 18:25:00,125250.89,125250.9,125134.7,125208.73,1.61751
2025-10-06 18:30:00,125208.74,125400.0,125200.92,125344.15,0.90088
2025-10-06 18:35:00,125344.15,125415.31,125331.82,125358.34,0.38719
2025-10-06 18:40:00,125358.35,125448.95,125314.87,125448.95,0.5419
2025-10-06 18:45:00,125448.95,125730.0,125448.94,125729.99,1.34092
2025-10-06 18:50:00,125730.0,125931.82,125729.99,125919.41,6.21728
2025-10-06 18:55:00,125919.41,126195.41,125919.41,126034.28,1.28496
2025-10-06 19:00:00,126034.28,126100.02,125697.98,125793.99,1.5814
2025-10-06 19:05:00,125794.0,125911.71,125698.35,125780.79,0.81103
2025-10-06 19:10:00,125780.79,125780.79,125648.01,125648.02,0.53374
2025-10-06 19:15:00,125648.01,125701.99,125430.81,125610.68,1.47471
2025-10-06 19:20:00,125610.68,125680.6,125480.0,125680.6,0.52606
2025-10-06 19:25:00,125680.6,125864.78,125669.31,125669.32,0.96104
2025-10-06 19:30:00,125669.31,125760.0,125623.65,125671.99,0.59987
2025-10-06 19:35:00,125671.99,125672.0,125462.55,125462.56,1.67014
2025-10-06 19:40:00,125462.55,125462.56,125266.09,125366.65,2.21779
2025-10-06 19:45:00,125366.64,125495.59,125280.0,125386.58,1.59962
2025-10-06 19:50:00,125386.58,125409.57,125300.1,125319.38,0.53725
2025-10-06 19:55:00,125319.38,125419.32,125319.36,125402.52,0.38376
2025-10-06 20:00:00,125402.52,125402.53,125316.16,125322.56,0.77772
2025-10-06 20:05:00,125322.55,125510.0,125322.55,125442.01,0.59768
2025-10-06 20:10:00,125442.02,125486.0,125365.15,125379.64,0.40357
2025-10-06 20:15:00,125379.64,125379.64,125125.78,125202.77,1.06047
2025-10-06 20:20:00,125202.76,125205.12,125093.65,125117.68,0.37897
2025-10-06 20:25:00,125117.67,125181.97,125051.89,125137.47,0.50387
2025-10-06 20:30:00,125137.47,125313.54,125090.0,125302.66,2.38419
2025-10-06 20:35:00,125302.65,125325.09,125242.92,125252.07,0.96011
2025-10-06 20:40:00,125252.07,125252.07,125200.0,125200.01,0.17119
2025-10-06 20:45:00,125200.0,125280.0,125171.55,125265.73,0.50524
2025-10-06 20:50:00,125265.74,125300.0,125027.26,125212.13,1.47176
2025-10-06 20:55:00,125212.12,125236.52,125211.02,125211.03,0.2857
2025-10-06 21:00:00,125211.03,125268.5,125180.29,125180.29,0.29477
2025-10-06 21:05:00,125180.29,125180.3,125124.79,125131.15,0.51021
2025-10-06 21:10:00,125131.14,125150.0,124447.98,125070.38,0.97505
2025-10-06 21:15:00,125070.39,125070.39,124884.51,124884.51,0.30506
2025-10-06 21:20:00,124884.51,125201.04,124527.65,124762.01,0.8085
2025-10-06 21:25:00,124762.01,125007.48,124744.07,124744.08,0.46113
2025-10-06 21:30:00,124744.07,125149.53,124665.31,124665.32,1.28727
2025-10-06 21:35:00,124665.32,124988.99,124654.6,124902.01,2.76614
2025-10-06 21:40:00,124902.02,126212.76,124902.01,125002.35,1.60087
2025-10-06 21:45:00,125002.35,125002.35,124938.82,124938.82,0.26904
2025-10-06 21:50:00,124938.83,124938.83,124890.93,124890.94,0.24249
2025-10-06 21:55:00,124890.94,125168.38,124890.93,125097.84,0.38267
2025-10-06 22:00:00,125097.85,126606.11,125090.01,125273.67,4.30553
2025-10-06 22:05:00,125273.68,125273.68,125016.5,125082.28,1.49956
2025-10-06 22:10:00,125082.28,125184.7,125076.96,125161.11,0.28979
2025-10-06 22:15:00,125161.12,125256.6,125161.11,125256.59,0.28597
2025-10-06 22:20:00,125256.6,125270.1,125170.94,125178.6,1.33842
2025-10-06 22:25:00,125178.59,125193.11,125154.81,125175.54,0.35293
2025-10-06 22:30:00,125175.55,125181.83,125027.26,125032.02,0.61512
2025-10-06 22:35:00,125032.01,125053.96,124890.17,124918.05,0.67366
2025-10-06 22:40:00,124918.06,124918.06,124789.98,124890.31,1.79256
2025-10-06 22:45:00,124890.31,125007.45,124890.3,124935.99,0.82894
2025-10-06 22:50:00,124936.0,125086.03,124928.3,125086.03,0.47703
2025-10-06 22:55:00,125086.03,125106.22,125000.0,125029.99,0.51891
2025-10-06 23:00:00,125030.0,125100.0,125000.0,125000.0,0.28334
2025-10-06 23:05:00,125000.01,125000.01,124878.86,124946.98,0.45948
2025-10-06 23:10:00,124946.98,124956.0,124868.36,124868.37,0.40642
2025-10-06 23:15:00,124868.36,124868.37,124784.41,124825.0,0.40971
2025-10-06 23:20:00,124824.99,124825.0,124692.49,124736.0,0.41893
2025-10-06 23:25:00,124736.01,124862.45,124736.0,124846.4,0.48077
2025-10-06 23:30:00,124846.39,124862.45,124804.87,124804.88,2.15588
2025-10-06 23:35:00,124804.87,124812.0,123781.98,124769.07,0.54301
2025-10-06 23:40:00,124769.08,124839.37,124769.07,124808.34,0.54875
2025-10-06 23:45:00,124808.34,124808.34,124670.73,124758.66,0.77707
2025-10-06 23:50:00,124758.66,124776.74,124711.99,124734.92,0.39599
2025-10-06 23:55:00,124734.93,124740.0,124703.25,124715.56,0.40994
2025-10-07 00:00:00,124715.55,124775.96,124635.6,124695.85,0.65695
2025-10-07 00:05:00,124695.85,124805.91,124687.21,124739.34,1.42219
2025-10-07 00:10:00,124739.34,125038.01,124693.18,124768.05,1.40351
2025-10-07 00:15:00,124768.05,124831.85,124716.22,124831.84,0.65141
2025-10-07 00:20:00,124831.84,124840.15,124654.46,124654.47,1.5551
2025-10-07 00:25:00,124663.79,124722.61,124654.46,124697.11,0.47964
2025-10-07 00:30:00,124697.11,124749.66,124614.02,124720.47,1.02253
2025-10-07 00:35:00,124720.46,124725.58,124643.27,124643.27,0.46407
2025-10-07 00:40:00,124643.26,124859.8,124643.26,124859.79,2.20163
2025-10-07 00:45:00,124859.8,124897.26,124773.61,124887.83,1.50008
2025-10-07 00:50:00,124887.84,124920.0,124848.51,124901.49,0.60067
2025-10-07 00:55:00,124901.48,124906.26,124887.13,124906.26,0.26177
2025-10-07 01:00:00,124906.26,124975.32,124878.79,124955.03,2.08249
2025-10-07 01:05:00,124955.04,124989.42,124926.01,124989.42,0.3008
2025-10-07 01:10:00,124989.41,125050.11,124892.77,124892.78,4.61929
2025-10-07 01:15:00,124892.78,124892.78,124614.69,124614.69,0.93333
2025-10-07 01:20:00,124614.69,124614.7,124453.27,124546.11,1.54907
2025-10-07 01:25:00,124546.1,124713.98,124515.09,124713.97,2.20431
2025-10-07 01:30:00,124713.97,124898.57,124557.94,124579.85,0.68905
2025-10-07 01:35:00,124579.85,124652.01,124572.14,124645.27,0.31868
2025-10-07 01:40:00,124645.28,124791.66,124645.27,124780.0,0.24164
2025-10-07 01:45:00,124779.99,124780.0,124579.24,124614.0,0.2397
2025-10-07 01:50:00,124613.99,124630.18,124579.24,124614.57,0.47654
2025-10-07 01:55:00,124614.56,124700.0,124614.56,124700.0,0.23442
2025-10-07 02:00:00,124699.99,124700.0,124582.28,124652.88,0.25615
2025-10-07 02:05:00,124652.87,124674.4,124579.24,124598.39,0.32819
2025-10-07 02:10:00,124598.39,124661.96,124576.31,124576.31,0.46708
2025-10-07 02:15:00,124576.3,124602.79,124500.0,124510.21,0.49998
2025-10-07 02:20:00,124510.21,126212.76,124194.07,124449.92,1.90848
2025-10-07 02:25:00,124449.93,124576.87,124449.92,124560.11,0.29728
2025-10-07 02:30:00,124560.11,124617.85,124544.62,124544.63,0.73623
2025-10-07 02:35:00,124544.62,124544.63,124408.0,124460.26,0.31603
2025-10-07 02:40:00,124460.27,124478.29,124398.65,124462.78,0.14382
2025-10-07 02:45:00,124462.78,124529.98,124422.1,124422.1,0.24652
2025-10-07 02:50:00,124422.1,124514.01,124422.1,124427.35,0.51879
2025-10-07 02:55:00,124427.35,124427.36,124279.8,124279.8,0.18162
2025-10-07 03:00:00,124279.81,124717.21,124279.8,124413.63,0.56803
2025-10-07 03:05:00,124413.63,124413.64,124307.07,124357.66,0.25973
2025-10-07 03:10:00,124357.67,124568.44,124357.66,124515.9,2.1214
2025-10-07 03:15:00,124515.91,124515.91,124293.32,124366.15,0.50016
2025-10-07 03:20:00,124366.14,124400.0,124193.74,124193.75,0.49563
2025-10-07 03:25:00,124193.75,124447.98,124143.99,124152.08,0.66029
2025-10-07 03:30:00,124152.07,124211.48,124132.8,124200.94,0.52114
2025-10-07 03:35:00,124200.95,124294.35,124183.61,124252.01,0.3023
2025-10-07 03:40:00,124252.0,124284.0,124237.83,124268.54,1.08379
2025-10-07 03:45:00,124268.55,124312.01,124259.62,124259.63,0.2595
2025-10-07 03:50:00,124259.63,124311.08,124246.23,124296.34,0.12939
2025-10-07 03:55:00,124296.35,124327.59,124296.34,124317.08,0.3377
2025-10-07 04:00:00,124317.09,124317.09,124208.01,124245.86,0.1563
2025-10-07 04:05:00,124245.87,124276.92,124186.03,124198.5,0.46566
2025-10-07 04:10:00,124198.49,124238.67,124140.86,124175.3,0.53675
2025-10-07 04:15:00,124175.3,124177.51,124109.1,124126.63,0.58728
2025-10-07 04:20:00,124126.62,124260.0,124117.59,124260.0,1.3681
2025-10-07 04:25:00,124259.99,124424.01,124259.99,124424.01,4.3799
2025-10-07 04:30:00,124424.0,124559.06,124398.96,124500.0,5.47091
2025-10-07 04:35:00,124500.0,124633.86,124499.99,124628.76,1.23771
2025-10-07 04:40:00,124628.76,124628.76,124529.73,124573.53,5.10113
2025-10-07 04:45:00,124573.53,126523.61,124524.84,124535.0,1.48179
2025-10-07 04:50:00,124534.99,124589.37,124520.0,124560.32,0.48207
2025-10-07 04:55:00,124560.32,124574.54,124451.28,124499.99,0.35101
2025-10-07 05:00:00,124499.99,124524.44,124361.34,124361.34,0.89896
2025-10-07 05:05:00,124361.34,124486.0,124270.5,124435.53,1.19539
2025-10-07 05:10:00,124435.52,124523.5,124435.52,124480.0,2.3173
2025-10-07 05:15:00,124480.0,124480.01,124309.26,124379.76,0.42141
2025-10-07 05:20:00,124379.75,124490.02,124379.75,124482.91,1.43168
2025-10-07 05:25:00,124472.4,124567.04,124450.86,124473.11,0.29083
2025-10-07 05:30:00,124473.1,124507.66,124441.32,124491.4,0.69782
2025-10-07 05:35:00,124491.39,124590.31,124484.33,124590.3,1.25803
2025-10-07 05:40:00,124590.31,124640.76,124309.26,124548.57,2.88897
2025-10-07 05:45:00,124544.48,124568.6,124392.0,124392.01,0.64155
2025-10-07 05:50:00,124392.0,124621.2,124300.01,124358.98,1.12012
2025-10-07 05:55:00,124358.98,124414.18,124324.3,124414.17,0.3108
2025-10-07 06:00:00,124414.17,124454.16,124390.02,124419.0,0.27269
2025-10-07 06:05:00,124419.0,124460.0,124346.13,124459.99,0.26014
2025-10-07 06:10:00,124459.99,124460.0,124340.0,124340.0,0.41925
2025-10-07 06:15:00,124309.12,124325.87,124235.84,124240.0,0.40901
2025-10-07 06:20:00,124240.01,124260.92,124102.0,124102.0,0.46626
2025-10-07 06:25:00,124102.0,124102.01,123901.85,123901.86,0.75987
2025-10-07 06:30:00,123901.85,124051.93,123895.68,124009.35,0.95996
2025-10-07 06:35:00,124009.35,124209.15,123815.01,123950.01,3.34774
2025-10-07 06:40:00,123950.0,124209.15,123810.05,123871.48,1.66795
2025-10-07 06:45:00,123871.47,123946.17,123822.99,123946.17,0.4587
2025-10-07 06:50:00,123946.17,123992.83,123892.84,123972.51,0.79779
2025-10-07 06:55:00,123972.51,123972.51,123890.83,123890.84,1.4106
2025-10-07 07:00:00,123890.84,123950.0,123886.12,123931.99,0.54354
2025-10-07 07:05:00,123932.0,124086.78,123904.59,123904.59,0.32884
2025-10-07 07:10:00,123900.01,123945.14,123826.53,123833.11,0.37605
2025-10-07 07:15:00,123833.11,123833.12,123658.93,123760.11,1.51037
2025-10-07 07:20:00,123760.1,123847.19,123734.41,123784.84,0.44334
2025-10-07 07:25:00,123784.83,123839.92,123737.12,123839.92,0.63414
2025-10-07 07:30:00,123839.91,123839.92,123750.0,123781.44,1.09809
2025-10-07 07:35:00,123781.44,123781.45,123643.97,123678.29,0.38981
2025-10-07 07:40:00,123673.9,123724.0,123579.0,123688.98,0.43999
2025-10-07 07:45:00,123688.97,123690.41,123374.42,123660.29,2.72381
2025-10-07 07:50:00,123660.28,123687.58,123632.22,123686.5,0.05703
2025-10-07 07:55:00,123686.49,123686.5,123603.72,123667.99,0.47468
2025-10-07 08:00:00,123667.99,123668.0,123562.73,123583.2,0.33046
2025-10-07 08:05:00,123583.19,123668.54,123524.0,123668.54,0.25658
2025-10-07 08:10:00,123668.53,123694.52,123318.08,123550.73,2.8181
2025-10-07 08:15:00,123550.72,123617.86,123446.0,123446.01,2.87933
2025-10-07 08:20:00,123446.0,123500.0,123325.63,123500.0,0.68103
2025-10-07 08:25:00,123500.0,123708.52,123499.99,123627.69,1.49933
2025-10-07 08:30:00,123627.69,124120.27,123450.07,123453.6,2.37021
2025-10-07 08:35:00,123449.34,123721.94,123449.21,123719.02,0.62923
2025-10-07 08:40:00,123729.57,125043.14,123712.15,123804.35,2.7051
2025-10-07 08:45:00,123804.36,123882.35,123773.91,123882.35,2.46638
2025-10-07 08:50:00,123882.35,124083.11,123821.22,123999.98,8.5614
2025-10-07 08:55:00,123999.98,123999.98,123854.82,123854.82,1.52352
2025-10-07 09:00:00,123852.55,126477.67,123852.55,123963.01,2.11274
2025-10-07 09:05:00,123963.01,124027.98,123963.0,124027.97,2.60162
2025-10-07 09:10:00,124027.98,124168.36,123999.99,124138.82,1.67386
2025-10-07 09:15:00,124138.82,124164.69,124030.0,124030.0,1.28275
2025-10-07 09:20:00,124033.4,124100.0,124010.13,124069.84,0.65673
2025-10-07 09:25:00,124069.85,124121.7,124050.46,124109.06,0.41362
2025-10-07 09:30:00,124109.06,124210.0,124109.05,124154.11,0.58601
2025-10-07 09:35:00,124154.11,124244.15,124125.01,124142.68,1.5504
2025-10-07 09:40:00,124142.68,124142.68,124096.42,124111.6,0.57092
2025-10-07 09:45:00,124096.43,124126.51,124084.58,124118.56,0.41954
2025-10-07 09:50:00,124118.56,124183.34,123887.04,124183.34,1.53391
2025-10-07 09:55:00,124183.34,124188.84,124117.48,124117.48,0.31263
2025-10-07 10:00:00,124117.48,124117.49,124020.0,124062.02,1.35905
2025-10-07 10:05:00,124062.01,124180.0,124045.75,124180.0,0.31409
2025-10-07 10:10:00,124180.0,124832.53,124179.99,124360.04,3.69427
2025-10-07 10:15:00,124360.05,124360.05,124240.01,124324.71,2.05673
2025-10-07 10:20:00,124324.71,124409.09,124300.0,124300.01,2.32525
2025-10-07 10:25:00,124282.43,124316.15,124267.59,124267.59,1.2779
2025-10-07 10:30:00,124267.59,124370.0,124225.91,124370.0,0.61409
2025-10-07 10:35:00,124370.0,124370.0,124320.0,124320.0,0.64582
2025-10-07 10:40:00,124302.01,124318.04,124235.19,124310.22,0.5016
2025-10-07 10:45:00,124310.22,124310.23,124252.15,124305.46,0.47305
2025-10-07 10:50:00,124305.45,124350.0,124254.76,124269.76,0.59898
2025-10-07 10:55:00,124269.75,124282.19,124262.38,124282.19,0.51476
2025-10-07 11:00:00,124282.18,124282.19,124198.02,124258.92,0.90531
2025-10-07 11:05:00,124258.92,124322.96,124258.92,124274.91,0.36483
2025-10-07 11:10:00,124274.9,124287.59,124181.62,124199.92,0.2915
2025-10-07 11:15:00,124181.24,124300.0,124179.99,124285.54,0.36213
2025-10-07 11:20:00,124285.55,124370.0,124285.55,124293.8,1.86323
2025-10-07 11:25:00,124293.81,124395.53,124293.81,124388.68,0.28671
2025-10-07 11:30:00,124388.68,124478.0,124388.67,124459.81,2.35609
2025-10-07 11:35:00,124455.47,124455.47,124195.52,124331.71,0.63835
2025-10-07 11:40:00,124328.37,124400.06,124328.36,124366.87,0.09119
2025-10-07 11:45:00,124366.88,124966.86,124366.87,124462.29,1.08069
2025-10-07 11:50:00,124462.3,124503.94,124432.79,124499.96,0.29944
2025-10-07 11:55:00,124499.96,124509.6,124431.25,124446.08,1.48152
2025-10-07 12:00:00,124453.38,124453.38,124414.91,124437.88,1.39031
2025-10-07 12:05:00,124437.89,124509.23,124416.09,124493.02,0.43771
2025-10-07 12:10:00,124493.03,124502.01,124432.14,124441.03,0.66236
2025-10-07 12:15:00,124441.03,124453.71,124365.15,124451.04,2.92997
2025-10-07 12:20:00,124451.04,124500.0,124424.47,124424.47,0.50509
2025-10-07 12:25:00,124424.47,124432.81,124390.28,124432.8,0.65734
2025-10-07 12:30:00,124437.99,124478.51,124350.23,124470.41,1.02165
2025-10-07 12:35:00,124470.42,124572.5,124444.42,124572.5,1.35173
2025-10-07 12:40:00,124572.5,124590.38,124520.71,124590.38,2.27763
2025-10-07 12:45:00,124590.38,124966.86,124590.37,124883.74,5.89905
2025-10-07 12:50:00,124904.5,124926.76,124824.59,124926.76,0.83802
2025-10-07 12:55:00,124926.76,125095.77,124898.76,124918.0,5.03674
2025-10-07 13:00:00,124918.0,125046.16,124783.82,124826.44,7.10024
2025-10-07 13:05:00,124826.45,124866.47,124739.92,124866.47,1.61566
2025-10-07 13:10:00,124866.48,124868.37,124742.81,124742.81,1.40671
2025-10-07 13:15:00,124742.8,124742.81,124643.4,124643.41,1.4371
2025-10-07 13:20:00,124650.14,124761.42,124641.0,124677.63,5.51103
2025-10-07 13:25:00,124677.62,124883.74,124677.62,124804.13,7.05083
2025-10-07 13:30:00,124804.13,124804.15,124500.04,124657.28,8.4145
2025-10-07 13:35:00,124657.28,124717.36,124230.99,124309.5,5.75347
2025-10-07 13:40:00,124309.5,124309.51,123732.87,123732.87,5.31529
2025-10-07 13:45:00,123732.87,123732.88,123399.99,123647.13,5.19937
2025-10-07 13:50:00,123647.13,123783.86,123512.99,123570.0,1.26791
2025-10-07 13:55:00,123570.0,123936.65,123570.0,123909.0,2.6707
2025-10-07 14:00:00,123909.0,123909.01,123480.66,123481.57,1.97589
2025-10-07 14:05:00,123462.58,123486.44,123007.3,123073.59,2.11357
2025-10-07 14:10:00,123088.36,123114.2,122779.85,122825.78,4.36113
2025-10-07 14:15:00,122825.77,123078.88,122819.37,122976.01,1.51918
2025-10-07 14:20:00,122981.85,123296.01,122981.85,123139.49,1.5759
2025-10-07 14:25:00,123131.69,123131.69,122878.76,122878.76,1.41208
2025-10-07 14:30:00,122881.97,123130.43,122743.84,122981.96,1.21925
2025-10-07 14:35:00,122997.29,122997.29,122698.33,122701.14,1.16203
2025-10-07 14:40:00,122725.37,122775.39,122595.63,122764.48,1.63974
2025-10-07 14:45:00,122764.47,126523.61,122764.47,122815.99,2.62324
2025-10-07 14:50:00,122815.98,122815.99,122597.37,122651.83,1.15484
2025-10-07 14:55:00,122674.29,122771.33,122602.36,122725.36,0.54653
2025-10-07 15:00:00,122725.35,122851.05,122581.68,122612.64,1.14439
2025-10-07 15:05:00,122628.83,122628.84,121733.0,121733.0,3.16926
2025-10-07 15:10:00,121733.0,122222.38,121695.9,121950.45,2.19909
2025-10-07 15:15:00,121950.44,122312.96,121852.16,122189.04,2.46255
2025-10-07 15:20:00,122189.05,122356.32,122189.04,122263.99,1.38048
2025-10-07 15:25:00,122263.99,122372.5,122076.62,122113.64,1.87205
2025-10-07 15:30:00,122079.96,122180.0,121837.5,121871.24,2.42318
2025-10-07 15:35:00,121871.24,122005.0,121466.56,121466.56,2.20049
2025-10-07 15:40:00,121466.57,121847.28,121277.64,121658.7,2.79231
2025-10-07 15:45:00,121658.7,121697.8,121400.13,121490.52,1.58039
2025-10-07 15:50:00,121490.53,121556.01,121335.02,121454.13,3.41631
2025-10-07 15:55:00,121454.13,121863.25,94900.0,121861.46,3.04273
2025-10-07 16:00:00,121861.46,121861.46,121704.95,121704.95,2.93826
2025-10-07 16:05:00,121704.96,121728.45,121428.02,121620.18,1.62883
2025-10-07 16:10:00,121650.35,121707.08,121512.72,121512.72,1.25475
2025-10-07 16:15:00,121531.67,121646.0,121518.63,121612.18,1.0204
2025-10-07 16:20:00,121595.84,121595.85,121089.25,121089.26,2.54397
2025-10-07 16:25:00,121061.33,121284.73,120954.48,121133.37,3.68908
2025-10-07 16:30:00,121133.36,121523.37,121133.36,121472.78,1.60021
2025-10-07 16:35:00,121500.01,121822.59,121418.02,121758.01,1.57259
2025-10-07 16:40:00,121758.01,121834.0,121705.58,121763.39,2.16441
2025-10-07 16:45:00,121763.39,122044.31,121763.38,122044.01,3.59691
2025-10-07 16:50:00,122044.02,122052.38,121870.98,121870.98,1.53471
2025-10-07 16:55:00,121891.08,121891.08,121638.57,121684.16,2.34736
2025-10-07 17:00:00,121684.17,121822.57,121630.41,121763.73,1.17603
2025-10-07 17:05:00,121744.84,121745.27,121549.94,121549.94,1.32267
2025-10-07 17:10:00,121549.93,121601.61,121370.84,121504.8,2.43204
2025-10-07 17:15:00,121491.44,121550.0,121290.19,121290.19,1.25145
2025-10-07 17:20:00,121290.18,121406.73,121290.18,121347.29,1.46142
2025-10-07 17:25:00,121347.29,121502.49,121222.84,121295.55,1.49925
2025-10-07 17:30:00,121295.55,121457.34,121295.55,121417.99,0.9372
2025-10-07 17:35:00,121417.99,121565.0,121205.91,121315.0,1.50748
2025-10-07 17:40:00,121327.18,121406.3,121302.77,121406.3,1.19766
2025-10-07 17:45:00,121406.31,121589.36,121406.3,121487.82,5.50495
2025-10-07 17:50:00,121487.83,125999.49,120415.0,121167.26,6.00773
2025-10-07 17:55:00,121167.26,121268.6,121120.31,121130.02,2.52123
2025-10-07 18:00:00,121130.01,121147.98,120900.0,120965.05,1.46382
2025-10-07 18:05:00,120965.04,121149.8,120861.45,121094.85,2.71346
2025-10-07 18:10:00,121093.22,121306.13,121093.21,121183.42,1.23008
2025-10-07 18:15:00,121183.41,121217.64,120987.89,121030.65,1.21038
2025-10-07 18:20:00,121030.64,121030.65,120865.98,120899.99,1.05588
2025-10-07 18:25:00,120909.37,120909.38,120591.94,120729.95,1.90941
2025-10-07 18:30:00,120747.5,120906.82,120734.8,120789.08,2.41165
2025-10-07 18:35:00,120789.09,120803.17,120684.11,120696.03,0.75583
2025-10-07 18:40:00,120696.02,120824.2,120626.33,120811.11,0.73619
2025-10-07 18:45:00,120811.1,120897.61,120774.37,120875.86,1.60904
2025-10-07 18:50:00,120875.87,120984.21,120808.3,120833.48,2.44587
2025-10-07 18:55:00,120833.48,120952.08,120809.59,120895.37,1.65935
2025-10-07 19:00:00,120895.38,121327.01,120863.19,121242.67,8.0494
2025-10-07 19:05:00,121242.66,121528.61,121242.66,121499.66,4.35903
2025-10-07 19:10:00,121524.01,121524.01,121390.29,121447.25,1.23955
2025-10-07 19:15:00,121447.25,121587.4,121408.78,121413.54,3.76875
2025-10-07 19:20:00,121413.55,121413.55,121340.95,121399.99,1.22285
2025-10-07 19:25:00,121399.98,121399.99,121254.48,121270.0,1.71996
2025-10-07 19:30:00,121270.0,121515.0,121270.0,121493.03,2.7023
2025-10-07 19:35:00,121493.04,121532.57,121315.0,121458.0,1.82913
2025-10-07 19:40:00,121458.01,121541.97,121371.36,121381.77,0.88223
2025-10-07 19:45:00,121381.78,121571.58,121371.81,121571.58,1.0678
2025-10-07 19:50:00,121571.57,122014.68,121571.57,121747.72,5.29455
2025-10-07 19:55:00,121745.22,121750.01,121581.38,121604.37,1.21106
2025-10-07 20:00:00,121604.36,122030.5,121604.36,122030.5,1.52121
2025-10-07 20:05:00,122030.49,122093.34,121972.66,122066.7,0.89929
2025-10-07 20:10:00,122066.7,122150.0,121984.5,122030.49,1.81964
2025-10-07 20:15:00,122042.95,122080.16,121953.91,122013.68,2.82295
2025-10-07 20:20:00,122013.68,122115.87,121983.17,122030.49,1.27883
2025-10-07 20:25:00,122030.5,122184.92,122030.49,122174.84,3.28001
2025-10-07 20:30:00,122196.47,123449.21,122158.72,122170.82,0.83882
2025-10-07 20:35:00,122170.82,122178.32,122079.3,122079.3,0.71516
2025-10-07 20:40:00,122079.31,122113.35,122030.49,122072.07,0.53887
2025-10-07 20:45:00,122072.07,122193.08,122072.07,122193.07,1.41643
2025-10-07 20:50:00,122193.08,122193.08,122145.31,122145.31,0.35038
2025-10-07 20:55:00,122145.31,122145.32,121907.86,121907.86,1.26922
2025-10-07 21:00:00,121907.86,121993.16,121765.9,121993.15,4.14744
2025-10-07 21:05:00,121993.16,122145.7,121953.03,122145.7,0.54799
2025-10-07 21:10:00,122145.7,122180.0,121992.26,121992.26,0.90221
2025-10-07 21:15:00,121992.27,123449.21,121992.26,122156.57,0.69437
2025-10-07 21:20:00,122156.57,122156.58,122071.99,122138.39,0.50008
2025-10-07 21:25:00,122138.4,126120.85,122138.39,122248.2,3.38824
2025-10-07 21:30:00,122248.2,122248.21,122021.28,122133.43,2.92726
2025-10-07 21:35:00,122133.44,122133.44,121957.66,122056.11,0.83136
2025-10-07 21:40:00,122056.11,122056.12,121827.21,122018.54,1.52509
2025-10-07 21:45:00,122018.54,122018.55,120315.0,121822.6,2.56887
2025-10-07 21:50:00,121822.6,121860.16,121822.59,121846.74,1.68107
2025-10-07 21:55:00,121846.73,122074.96,121837.1,122016.0,0.71751
2025-10-07 22:00:00,122016.0,122016.0,121918.05,121937.72,0.70095
2025-10-07 22:05:00,121937.73,121964.71,121834.77,121834.78,0.78797
2025-10-07 22:10:00,121834.78,122046.01,121797.6,122046.0,1.2885
2025-10-07 22:15:00,122046.01,122173.5,121988.84,122094.81,1.03724
2025-10-07 22:20:00,122094.81,122118.58,122025.4,122025.4,0.66228
2025-10-07 22:25:00,122025.41,122028.94,121880.37,121923.12,1.47329
2025-10-07 22:30:00,121916.72,122047.37,121916.72,122047.37,0.44037
2025-10-07 22:35:00,122047.37,122047.37,121854.49,121854.49,1.00586
2025-10-07 22:40:00,121854.49,121935.97,121823.58,121901.59,0.76269
2025-10-07 22:45:00,121901.58,121947.45,121901.58,121939.88,0.2396
2025-10-07 22:50:00,121944.45,121979.56,121926.04,121926.05,0.65805
2025-10-07 22:55:00,121936.73,122011.18,121936.73,122011.18,0.51962
2025-10-07 23:00:00,122011.18,122022.88,121861.49,121861.5,0.73065
2025-10-07 23:05:00,121861.5,121971.51,121850.0,121850.0,0.88491
2025-10-07 23:10:00,121841.25,121841.26,121772.33,121801.41,0.49133
2025-10-07 23:15:00,121801.4,121851.5,121694.1,121703.93,0.82631
2025-10-07 23:20:00,121703.93,121728.7,121630.01,121630.01,1.07552
2025-10-07 23:25:00,121630.0,121663.33,121587.92,121662.2,0.53986
2025-10-07 23:30:00,121662.19,121662.2,121527.62,121537.99,0.98755
2025-10-07 23:35:00,121537.98,121628.7,121489.18,121537.8,2.28482
2025-10-07 23:40:00,121537.8,121588.58,121383.0,121465.0,2.22
2025-10-07 23:45:00,121465.81,121510.94,121354.27,121354.27,2.64313
2025-10-07 23:50:00,121354.27,121517.65,121348.22,121478.77,3.58219
2025-10-07 23:55:00,121478.76,121493.37,121339.36,121339.36,1.09932
2025-10-08 00:00:00,121332.96,121600.0,121332.95,121587.83,2.16546
2025-10-08 00:05:00,121587.84,121587.84,121446.24,121446.72,2.58023
2025-10-08 00:10:00,121487.61,121565.69,121475.12,121550.01,0.54142
2025-10-08 00:15:00,121551.38,121789.37,121551.37,121766.93,6.11463
2025-10-08 00:20:00,121766.94,121795.78,121702.41,121718.62,0.66253
2025-10-08 00:25:00,121729.0,121750.01,121587.81,121587.81,0.67177
2025-10-08 00:30:00,121587.81,121608.18,121326.65,121340.23,2.49011
2025-10-08 00:35:00,121340.22,121662.14,121276.0,121662.14,1.14599
2025-10-08 00:40:00,121662.14,121944.0,121662.14,121889.91,2.00416
2025-10-08 00:45:00,121889.92,121971.21,121799.99,121971.2,2.82696
2025-10-08 00:50:00,121977.8,122089.67,121977.79,121990.24,3.32444
2025-10-08 00:55:00,121990.24,121990.24,121895.28,121914.08,1.46003
2025-10-08 01:00:00,121914.08,121966.0,121799.74,121966.0,2.44591
2025-10-08 01:05:00,121938.76,121988.26,121853.98,121953.69,1.1051
2025-10-08 01:10:00,121979.18,121979.18,121676.56,121715.0,1.14887
2025-10-08 01:15:00,121706.19,122028.63,121615.36,122028.63,1.21986
2025-10-08 01:20:00,122036.0,122043.79,121926.53,121978.84,4.96194
2025-10-08 01:25:00,121978.83,122004.37,121806.69,121833.44,1.92572
2025-10-08 01:30:00,121833.45,121958.34,121785.82,121951.58,2.17254
2025-10-08 01:35:00,121926.54,121938.96,121786.0,121839.0,0.70313
2025-10-08 01:40:00,121828.55,121828.56,121665.0,121801.18,0.52432
2025-10-08 01:45:00,121793.64,121903.79,121775.28,121903.79,0.65472
2025-10-08 01:50:00,121903.78,121952.03,121896.17,121937.0,1.91796
2025-10-08 01:55:00,121937.0,121955.5,121936.99,121950.0,0.11025
2025-10-08 02:00:00,121950.01,121950.01,121825.74,121933.96,0.89676
2025-10-08 02:05:00,121933.96,121950.0,121825.75,121876.0,0.64326
2025-10-08 02:10:00,121882.56,121983.13,121875.99,121938.98,0.77809
2025-10-08 02:15:00,121938.97,122153.77,121938.97,121997.06,2.56682
2025-10-08 02:20:00,121997.05,122217.89,121997.05,122217.89,2.30523
2025-10-08 02:25:00,122201.72,122229.66,122186.02,122186.02,1.35052
2025-10-08 02:30:00,122186.02,122186.02,122105.0,122145.28,0.71883
2025-10-08 02:35:00,122100.0,122100.01,121907.58,121907.58,0.69855
2025-10-08 02:40:00,121907.58,121960.28,121870.94,121910.78,0.61934
2025-10-08 02:45:00,121910.79,122000.0,121715.0,121953.01,0.89362
2025-10-08 02:50:00,121971.75,122073.34,121971.75,122072.98,0.71742
2025-10-08 02:55:00,122072.99,122090.56,122030.49,122059.36,0.29501
2025-10-08 03:00:00,122058.0,122058.01,121839.9,121839.9,0.80277
2025-10-08 03:05:00,121839.89,121841.75,121765.79,121774.15,0.45948
2025-10-08 03:10:00,121788.23,121801.57,121728.93,121764.41,0.5982
2025-10-08 03:15:00,121748.62,121821.07,121718.61,121781.88,1.78202
2025-10-08 03:20:00,121781.87,121781.88,121520.85,121520.86,2.72911
2025-10-08 03:25:00,121528.31,121561.39,121440.78,121465.0,1.15259
2025-10-08 03:30:00,121453.5,121485.55,121336.93,121366.0,2.27588
2025-10-08 03:35:00,121365.99,121455.83,121340.57,121357.0,2.09005
2025-10-08 03:40:00,121357.0,121428.0,121314.0,121314.0,2.62196
2025-10-08 03:45:00,121310.0,121389.3,121224.77,121371.57,0.68136
2025-10-08 03:50:00,121371.57,121436.82,121237.98,121290.53,1.09381
2025-10-08 03:55:00,121300.53,121392.01,121300.53,121374.76,0.75094
2025-10-08 04:00:00,121374.75,121598.58,121319.33,121453.83,0.84632
2025-10-08 04:05:00,121453.83,121473.72,121250.49,121257.32,2.27535
2025-10-08 04:10:00,121250.5,121388.01,121116.99,121373.24,1.28943
2025-10-08 04:15:00,121373.23,121573.5,121373.23,121573.49,3.18624
2025-10-08 04:20:00,121573.5,121593.46,121444.57,121456.46,0.71242
2025-10-08 04:25:00,121456.46,121471.38,121340.0,121471.38,1.17911
2025-10-08 04:30:00,121471.37,121665.0,121471.37,121665.0,1.33356
2025-10-08 04:35:00,121679.83,121781.84,121647.5,121647.5,1.7773
2025-10-08 04:40:00,121647.51,121672.92,121508.62,121600.91,0.80583
2025-10-08 04:45:00,121600.92,121761.4,121600.91,121761.4,1.13523
2025-10-08 04:50:00,121761.41,121780.65,121710.13,121777.76,1.63509
2025-10-08 04:55:00,121777.77,121910.24,121777.76,121910.22,1.91848
2025-10-08 05:00:00,121900.0,121900.01,121613.76,121712.7,0.84942
2025-10-08 05:05:00,121711.35,121782.02,121650.0,121782.02,0.92905
2025-10-08 05:10:00,121782.02,121789.6,121704.02,121759.31,0.57347
2025-10-08 05:15:00,121759.3,121776.95,121539.92,121539.92,0.76701
2025-10-08 05:20:00,121555.1,121565.0,121376.06,121415.63,2.94606
2025-10-08 05:25:00,121415.63,121415.63,121277.56,121393.23,0.59902
2025-10-08 05:30:00,121393.23,121524.09,121391.41,121524.08,0.48501
2025-10-08 05:35:00,121524.08,121536.5,121356.0,121434.92,0.67765
2025-10-08 05:40:00,121434.93,121498.85,121337.48,121337.48,0.98981
2025-10-08 05:45:00,121337.49,121337.49,121215.68,121221.47,2.02853
2025-10-08 05:50:00,121228.07,121281.74,121173.86,121198.82,0.4193
2025-10-08 05:55:00,121198.82,121374.02,121198.81,121374.02,2.00394
2025-10-08 06:00:00,121374.01,121406.73,121254.7,121260.89,0.72232
2025-10-08 06:05:00,121260.88,121260.89,121100.0,121113.36,0.39283
